keyword,cluster,intent,funnel_stage,audience_fit,priority,page_type,keep,drop_reason
how long does it take to train in cyber security,CYBERSECURITY_CAREER,INFORMATIONAL,TOFU,MEDIUM,MEDIUM,PILLAR_BLOG_PAGE,TRUE,
do you need to go to school for cyber security,CYBERSECURITY_CAREER,INFORMATIONAL,TOFU,MEDIUM,MEDIUM,PILLAR_BLOG_PAGE,TRUE,
do i need to go to college for cyber security,CYBERSECURITY_CAREER,INFORMATIONAL,TOFU,MEDIUM,MEDIUM,PILLAR_BLOG_PAGE,TRUE,
how much does it cost to learn cyber security,CYBERSECURITY_CAREER,INFORMATIONAL,TOFU,MEDIUM,MEDIUM,PILLAR_BLOG_PAGE,TRUE,
how long does it take to learn cyber security,CYBERSECURITY_CAREER,INFORMATIONAL,TOFU,MEDIUM,MEDIUM,PILLAR_BLOG_PAGE,TRUE,
cybersecurity training certification for state and local governments,CYBER_LAB_LEARNING,COMMERCIAL,MOFU,HIGH,MEDIUM,PILLAR_BLOG_PAGE,TRUE,
what certifications do i need for cyber security,CYBERSECURITY_CAREER,INFORMATIONAL,TOFU,MEDIUM,MEDIUM,PILLAR_BLOG_PAGE,TRUE,
which is the best university for cyber security,CYBERSECURITY_CAREER,INFORMATIONAL,TOFU,MEDIUM,MEDIUM,PILLAR_BLOG_PAGE,TRUE,
how many days required to learn cyber security,CYBERSECURITY_CAREER,INFORMATIONAL,TOFU,MEDIUM,MEDIUM,PILLAR_BLOG_PAGE,TRUE,
what education do i need for cyber security,CYBERSECURITY_CAREER,INFORMATIONAL,TOFU,MEDIUM,MEDIUM,PILLAR_BLOG_PAGE,TRUE,
what courses do you need for cyber security,CYBERSECURITY_CAREER,INFORMATIONAL,TOFU,MEDIUM,MEDIUM,PILLAR_BLOG_PAGE,TRUE,
how much does a cyber security course cost,CYBERSECURITY_CAREER,INFORMATIONAL,TOFU,MEDIUM,MEDIUM,PILLAR_BLOG_PAGE,TRUE,
should i go to college for cyber security,CYBERSECURITY_CAREER,INFORMATIONAL,TOFU,MEDIUM,MEDIUM,PILLAR_BLOG_PAGE,TRUE,
how much does it cost for cyber security,CYBERSECURITY_CAREER,INFORMATIONAL,TOFU,MEDIUM,MEDIUM,PILLAR_BLOG_PAGE,TRUE,
should i go to school for cyber security,CYBERSECURITY_CAREER,INFORMATIONAL,TOFU,MEDIUM,MEDIUM,PILLAR_BLOG_PAGE,TRUE,
cybersecurity training and work integrated learning program,CYBER_LAB_LEARNING,INFORMATIONAL,MOFU,MEDIUM,MEDIUM,PILLAR_BLOG_PAGE,TRUE,
information security vs cybersecurity which is better,CYBERSECURITY_CAREER,INFORMATIONAL,TOFU,MEDIUM,MEDIUM,PILLAR_BLOG_PAGE,TRUE,
how long does cyber security training take,CYBERSECURITY_CAREER,INFORMATIONAL,TOFU,MEDIUM,MEDIUM,PILLAR_BLOG_PAGE,TRUE,
cybersecurity simulation platform creation for training,CTF_PLATFORMS,COMMERCIAL,MOFU,HIGH,HIGH,CORE_PRODUCT_PAGE,TRUE,
cyber security training for software developers,CYBERSECURITY_CAREER,COMMERCIAL,MOFU,MEDIUM,MEDIUM,PILLAR_BLOG_PAGE,TRUE,
cybersecurity training with 100 job guarantee,CYBERSECURITY_CAREER,COMMERCIAL,MOFU,MEDIUM,MEDIUM,PILLAR_BLOG_PAGE,TRUE,
cyber security vs cyber security engineering,CYBERSECURITY_CAREER,INFORMATIONAL,TOFU,MEDIUM,MEDIUM,PILLAR_BLOG_PAGE,TRUE,
cyber security training for business analyst,CYBERSECURITY_CAREER,COMMERCIAL,MOFU,MEDIUM,MEDIUM,PILLAR_BLOG_PAGE,TRUE,
cyber hygiene training for taltech employees,CYBERSECURITY_CAREER,COMMERCIAL,MOFU,MEDIUM,MEDIUM,PILLAR_BLOG_PAGE,TRUE,
cyber range training centre crtc platform,CTF_PLATFORMS,COMMERCIAL,MOFU,HIGH,HIGH,CORE_PRODUCT_PAGE,TRUE,
why cyber security training is important,CYBERSECURITY_CAREER,INFORMATIONAL,TOFU,MEDIUM,MEDIUM,PILLAR_BLOG_PAGE,TRUE,
cyber security drill scenario for ships,CYBER_LAB_LEARNING,INFORMATIONAL,MOFU,HIGH,MEDIUM,PILLAR_BLOG_PAGE,TRUE,
cybersecurity zero to hero by microsoft,CYBERSECURITY_CAREER,COMMERCIAL,MOFU,MEDIUM,MEDIUM,PILLAR_BLOG_PAGE,TRUE,
is there programming in cyber security,CYBERSECURITY_CAREER,INFORMATIONAL,TOFU,MEDIUM,MEDIUM,PILLAR_BLOG_PAGE,TRUE,
cyber security training the inside man,CYBERSECURITY_CAREER,INFORMATIONAL,TOFU,MEDIUM,MEDIUM,PILLAR_BLOG_PAGE,TRUE,
cyber security platform as a service,CTF_PLATFORMS,COMMERCIAL,BOFU,HIGH,HIGH,CORE_PRODUCT_PAGE,TRUE,
what software do cyber security use,CYBER_LAB_REQUIREMENTS,INFORMATIONAL,TOFU,MEDIUM,MEDIUM,PILLAR_BLOG_PAGE,TRUE,
what programs do cyber security use,CYBER_LAB_REQUIREMENTS,INFORMATIONAL,TOFU,MEDIUM,MEDIUM,PILLAR_BLOG_PAGE,TRUE,
kypo cyber range platform kypo crp,CTF_PLATFORMS,COMMERCIAL,BOFU,HIGH,HIGH,COMPARISON_PAGE,TRUE,
cyber security course how to learn,CYBERSECURITY_CAREER,INFORMATIONAL,TOFU,MEDIUM,MEDIUM,PILLAR_BLOG_PAGE,TRUE,
cyber security training what is it,CYBERSECURITY_CAREER,INFORMATIONAL,TOFU,MEDIUM,MEDIUM,PILLAR_BLOG_PAGE,TRUE,
masters in cyber security in usa,CYBERSECURITY_CAREER,INFORMATIONAL,TOFU,MEDIUM,MEDIUM,PILLAR_BLOG_PAGE,TRUE,
cybersecurity how to get a job,CYBERSECURITY_CAREER,INFORMATIONAL,TOFU,MEDIUM,MEDIUM,PILLAR_BLOG_PAGE,TRUE,
hitcon cyber range x ctf 2025,CTF_PLATFORMS,INFORMATIONAL,TOFU,HIGH,HIGH,CORE_PRODUCT_PAGE,TRUE,
cybersecurity awareness training platform project,CTF_PLATFORMS,COMMERCIAL,BOFU,HIGH,HIGH,CORE_PRODUCT_PAGE,TRUE,
virtual laboratories and technical simulators,CYBER_LAB_SETUP,INFORMATIONAL,TOFU,MEDIUM,MEDIUM,PILLAR_BLOG_PAGE,TRUE,
cybersecurity vs software engineering salary,CYBERSECURITY_CAREER,INFORMATIONAL,TOFU,MEDIUM,MEDIUM,PILLAR_BLOG_PAGE,TRUE,
cybersecurity training programs for veterans,CYBERSECURITY_CAREER,INFORMATIONAL,TOFU,MEDIUM,MEDIUM,PILLAR_BLOG_PAGE,TRUE,
cybersecurity training and awareness jobs,CYBERSECURITY_CAREER,INFORMATIONAL,TOFU,MEDIUM,MEDIUM,PILLAR_BLOG_PAGE,TRUE,
cybersecurity training with job placement,CYBERSECURITY_CAREER,INFORMATIONAL,TOFU,MEDIUM,MEDIUM,PILLAR_BLOG_PAGE,TRUE,
cybersecurity training with job guarantee,CYBERSECURITY_CAREER,INFORMATIONAL,TOFU,MEDIUM,MEDIUM,PILLAR_BLOG_PAGE,TRUE,
cybersecurity vs computer science salary,CYBERSECURITY_CAREER,INFORMATIONAL,TOFU,MEDIUM,MEDIUM,PILLAR_BLOG_PAGE,TRUE,
best cybersecurity training in hyderabad,CYBERSECURITY_CAREER,COMMERCIAL,MOFU,MEDIUM,MEDIUM,PILLAR_BLOG_PAGE,TRUE,
cybersecurity training and job placement,CYBERSECURITY_CAREER,INFORMATIONAL,TOFU,MEDIUM,MEDIUM,PILLAR_BLOG_PAGE,TRUE,
information systems cyber security jobs,CYBERSECURITY_CAREER,INFORMATIONAL,TOFU,MEDIUM,MEDIUM,PILLAR_BLOG_PAGE,TRUE,
cyber security features and advantages,CYBER_LAB_REQUIREMENTS,INFORMATIONAL,TOFU,MEDIUM,MEDIUM,PILLAR_BLOG_PAGE,TRUE,
cyber security vs software engineering,CYBERSECURITY_CAREER,INFORMATIONAL,TOFU,MEDIUM,MEDIUM,PILLAR_BLOG_PAGE,TRUE,
cyber security training for corporate,CYBER_LAB_LEARNING,COMMERCIAL,MOFU,HIGH,MEDIUM,PILLAR_BLOG_PAGE,TRUE,
basic requirements for cyber security,CYBER_LAB_REQUIREMENTS,INFORMATIONAL,TOFU,MEDIUM,MEDIUM,PILLAR_BLOG_PAGE,TRUE,
cybersecurity best colleges in india,CYBERSECURITY_CAREER,INFORMATIONAL,TOFU,MEDIUM,MEDIUM,PILLAR_BLOG_PAGE,TRUE,
cyber security training to employees,CYBER_LAB_LEARNING,COMMERCIAL,MOFU,HIGH,MEDIUM,PILLAR_BLOG_PAGE,TRUE,
cyber security tools and techniques,CYBER_LAB_REQUIREMENTS,INFORMATIONAL,TOFU,MEDIUM,MEDIUM,PILLAR_BLOG_PAGE,TRUE,
open source cyber security training,CYBER_LAB_LEARNING,INFORMATIONAL,TOFU,MEDIUM,MEDIUM,PILLAR_BLOG_PAGE,TRUE,
cyber engineering vs cyber security,CYBERSECURITY_CAREER,INFORMATIONAL,TOFU,MEDIUM,MEDIUM,PILLAR_BLOG_PAGE,TRUE,
cyber security vs software testing,CYBERSECURITY_CAREER,INFORMATIONAL,TOFU,MEDIUM,MEDIUM,PILLAR_BLOG_PAGE,TRUE,
masters in cyber security cheapest,CYBERSECURITY_CAREER,INFORMATIONAL,TOFU,MEDIUM,MEDIUM,PILLAR_BLOG_PAGE,TRUE,
cybersecurity how to start reddit,CYBERSECURITY_CAREER,INFORMATIONAL,TOFU,MEDIUM,MEDIUM,PILLAR_BLOG_PAGE,TRUE,
cyber training and awareness jobs,CYBERSECURITY_CAREER,INFORMATIONAL,TOFU,MEDIUM,MEDIUM,PILLAR_BLOG_PAGE,TRUE,
cybersecurity work from home jobs,CYBERSECURITY_CAREER,INFORMATIONAL,TOFU,MEDIUM,MEDIUM,PILLAR_BLOG_PAGE,TRUE,
cyber range platform open source,CTF_PLATFORMS,INFORMATIONAL,TOFU,HIGH,HIGH,COMPARISON_PAGE,TRUE,
cybersecurity how to get started,CYBERSECURITY_CAREER,INFORMATIONAL,TOFU,MEDIUM,MEDIUM,PILLAR_BLOG_PAGE,TRUE,
cyber security training how long,CYBERSECURITY_CAREER,INFORMATIONAL,TOFU,MEDIUM,MEDIUM,PILLAR_BLOG_PAGE,TRUE,
cyber defense vs cyber security,CYBERSECURITY_CAREER,INFORMATIONAL,TOFU,MEDIUM,MEDIUM,PILLAR_BLOG_PAGE,TRUE,
cyber crime training for police,CYBERSECURITY_CAREER,COMMERCIAL,MOFU,MEDIUM,MEDIUM,PILLAR_BLOG_PAGE,TRUE,
cyber training for school staff,CYBERSECURITY_CAREER,COMMERCIAL,MOFU,MEDIUM,MEDIUM,PILLAR_BLOG_PAGE,TRUE,
cyber range josh madakor reddit,CTF_PLATFORMS,INFORMATIONAL,MOFU,HIGH,HIGH,CORE_PRODUCT_PAGE,TRUE,
cyber range josh madakor review,CTF_PLATFORMS,INFORMATIONAL,MOFU,HIGH,HIGH,CORE_PRODUCT_PAGE,TRUE,
masters in cyber security cost,CYBERSECURITY_CAREER,INFORMATIONAL,TOFU,MEDIUM,MEDIUM,PILLAR_BLOG_PAGE,TRUE,
cybersecurity how to get into,CYBERSECURITY_CAREER,INFORMATIONAL,TOFU,MEDIUM,MEDIUM,PILLAR_BLOG_PAGE,TRUE,
cyber security course what is,CYBERSECURITY_CAREER,INFORMATIONAL,TOFU,MEDIUM,MEDIUM,PILLAR_BLOG_PAGE,TRUE,
how long is security training,CYBERSECURITY_CAREER,INFORMATIONAL,TOFU,MEDIUM,MEDIUM,PILLAR_BLOG_PAGE,TRUE,
virtual labs and e resources,CYBER_LAB_SETUP,INFORMATIONAL,TOFU,MEDIUM,MEDIUM,PILLAR_BLOG_PAGE,TRUE,
virtual labs for it training,CYBER_LAB_SETUP,INFORMATIONAL,TOFU,MEDIUM,MEDIUM,PILLAR_BLOG_PAGE,TRUE,
cyber range vs digital twin,CTF_PLATFORMS,INFORMATIONAL,MOFU,HIGH,HIGH,COMPARISON_PAGE,TRUE,
virtual labs for comptia a+,CYBER_LAB_SETUP,INFORMATIONAL,TOFU,MEDIUM,MEDIUM,PILLAR_BLOG_PAGE,TRUE,
cyber security jobs in uae,CYBERSECURITY_CAREER,COMMERCIAL,TOFU,MEDIUM,MEDIUM,PILLAR_BLOG_PAGE,TRUE,
how to host a ctf,CTF_HOSTING,INFORMATIONAL,MOFU,HIGH,HIGH,USE_CASE_PAGE,TRUE,
cybersecurity operational readiness assessment,CYBER_LAB_LEARNING,INFORMATIONAL,MOFU,HIGH,MEDIUM,PILLAR_BLOG_PAGE,TRUE,
cybersecurity incident simulation exercises,CYBER_LAB_LEARNING,INFORMATIONAL,MOFU,HIGH,MEDIUM,PILLAR_BLOG_PAGE,TRUE,
cybersecurity interactive simulation system,CYBER_LAB_SETUP,INFORMATIONAL,MOFU,HIGH,MEDIUM,PILLAR_BLOG_PAGE,TRUE,
cybersecurity maturity model certification,CYBERSECURITY_CAREER,INFORMATIONAL,MOFU,MEDIUM,MEDIUM,PILLAR_BLOG_PAGE,TRUE,
cybersecurity awareness training software,CYBER_LAB_REQUIREMENTS,COMMERCIAL,BOFU,HIGH,MEDIUM,PILLAR_BLOG_PAGE,TRUE,
cybersecurity awareness training platform,CYBER_LAB_REQUIREMENTS,COMMERCIAL,BOFU,HIGH,MEDIUM,PILLAR_BLOG_PAGE,TRUE,
cybersecurity enterprise risk management,CYBERSECURITY_CAREER,INFORMATIONAL,MOFU,MEDIUM,MEDIUM,PILLAR_BLOG_PAGE,TRUE,
cybersecurity training and certification,CYBERSECURITY_CAREER,INFORMATIONAL,MOFU,MEDIUM,MEDIUM,PILLAR_BLOG_PAGE,TRUE,
cybersecurity job simulation certificate,CYBERSECURITY_CAREER,INFORMATIONAL,MOFU,MEDIUM,MEDIUM,PILLAR_BLOG_PAGE,TRUE,
cybersecurity software developer salary,CYBERSECURITY_CAREER,INFORMATIONAL,TOFU,MEDIUM,MEDIUM,PILLAR_BLOG_PAGE,TRUE,
cybersecurity solutions for enterprises,CYBER_LAB_REQUIREMENTS,COMMERCIAL,BOFU,HIGH,MEDIUM,PILLAR_BLOG_PAGE,TRUE,
cybersecurity training with certificate,CYBERSECURITY_CAREER,INFORMATIONAL,MOFU,MEDIUM,MEDIUM,PILLAR_BLOG_PAGE,TRUE,
cybersecurity software engineer salary,CYBERSECURITY_CAREER,INFORMATIONAL,TOFU,MEDIUM,MEDIUM,PILLAR_BLOG_PAGE,TRUE,
cybersecurity open source intelligence,CYBER_LAB_LEARNING,INFORMATIONAL,MOFU,MEDIUM,MEDIUM,PILLAR_BLOG_PAGE,TRUE,
cybersecurity awareness training price,CYBER_LAB_LEARNING,COMMERCIAL,BOFU,HIGH,MEDIUM,PILLAR_BLOG_PAGE,TRUE,
cybersecurity training programs online,CYBERSECURITY_CAREER,INFORMATIONAL,MOFU,MEDIUM,MEDIUM,PILLAR_BLOG_PAGE,TRUE,
online cybersecurity training platform,CTF_PLATFORMS,COMMERCIAL,BOFU,HIGH,HIGH,CORE_PRODUCT_PAGE,TRUE,
cybersecurity simulation training free,CTF_PLATFORMS,COMMERCIAL,BOFU,HIGH,HIGH,COMPARISON_PAGE,TRUE,
cybersecurity training with internship,CYBERSECURITY_CAREER,INFORMATIONAL,MOFU,MEDIUM,MEDIUM,PILLAR_BLOG_PAGE,TRUE,
cybersecurity vs software engineering,CYBERSECURITY_CAREER,INFORMATIONAL,TOFU,MEDIUM,MEDIUM,PILLAR_BLOG_PAGE,TRUE,
cybersecurity vs information security,CYBERSECURITY_CAREER,INFORMATIONAL,TOFU,MEDIUM,MEDIUM,PILLAR_BLOG_PAGE,TRUE,
cybersecurity training best practices,CYBER_LAB_LEARNING,INFORMATIONAL,MOFU,HIGH,MEDIUM,PILLAR_BLOG_PAGE,TRUE,
best cybersecurity training platforms,CTF_PLATFORMS,COMMERCIAL,BOFU,HIGH,HIGH,COMPARISON_PAGE,TRUE,
free cybersecurity training platforms,CTF_PLATFORMS,COMMERCIAL,BOFU,HIGH,HIGH,COMPARISON_PAGE,TRUE,
cybersecurity training for businesses,CYBER_LAB_LEARNING,COMMERCIAL,BOFU,HIGH,MEDIUM,PILLAR_BLOG_PAGE,TRUE,
cybersecurity training and internship,CYBERSECURITY_CAREER,INFORMATIONAL,MOFU,MEDIUM,MEDIUM,PILLAR_BLOG_PAGE,TRUE,
hostile environment security training,CYBER_LAB_LEARNING,INFORMATIONAL,MOFU,MEDIUM,MEDIUM,PILLAR_BLOG_PAGE,TRUE,
cybersecurity zero trust architecture,CYBER_LAB_LEARNING,INFORMATIONAL,MOFU,HIGH,MEDIUM,PILLAR_BLOG_PAGE,TRUE,
cyber security training qualification,CYBERSECURITY_CAREER,INFORMATIONAL,MOFU,MEDIUM,MEDIUM,PILLAR_BLOG_PAGE,TRUE,
cybersecurity training with placement,CYBERSECURITY_CAREER,INFORMATIONAL,MOFU,MEDIUM,MEDIUM,PILLAR_BLOG_PAGE,TRUE,
cybersecurity software engineer jobs,CYBERSECURITY_CAREER,INFORMATIONAL,TOFU,MEDIUM,MEDIUM,PILLAR_BLOG_PAGE,TRUE,
cybersecurity platforms for learning,CTF_PLATFORMS,COMMERCIAL,BOFU,HIGH,HIGH,CORE_PRODUCT_PAGE,TRUE,
cybersecurity training for employees,CYBER_LAB_LEARNING,COMMERCIAL,MOFU,HIGH,MEDIUM,PILLAR_BLOG_PAGE,TRUE,
cybersecurity training and placement,CYBERSECURITY_CAREER,COMMERCIAL,MOFU,MEDIUM,MEDIUM,PILLAR_BLOG_PAGE,TRUE,
cybersecurity training program kenya,CYBER_LAB_LEARNING,COMMERCIAL,MOFU,MEDIUM,MEDIUM,PILLAR_BLOG_PAGE,TRUE,
cybersecurity training for companies,CYBER_LAB_LEARNING,COMMERCIAL,MOFU,HIGH,MEDIUM,PILLAR_BLOG_PAGE,TRUE,
enterprise security vs cybersecurity,CYBER_LAB_LEARNING,INFORMATIONAL,TOFU,HIGH,MEDIUM,PILLAR_BLOG_PAGE,TRUE,
cybersecurity training and awareness,CYBER_LAB_LEARNING,COMMERCIAL,MOFU,HIGH,MEDIUM,PILLAR_BLOG_PAGE,TRUE,
cyber security degree apprenticeship,CYBERSECURITY_CAREER,INFORMATIONAL,TOFU,MEDIUM,MEDIUM,PILLAR_BLOG_PAGE,TRUE,
cyber security consulting simulation,CYBER_LAB_LEARNING,COMMERCIAL,MOFU,HIGH,MEDIUM,PILLAR_BLOG_PAGE,TRUE,
cybersecurity job simulation meaning,CYBERSECURITY_CAREER,INFORMATIONAL,TOFU,MEDIUM,MEDIUM,PILLAR_BLOG_PAGE,TRUE,
cybersecurity training by government,CYBER_LAB_LEARNING,INFORMATIONAL,TOFU,MEDIUM,MEDIUM,PILLAR_BLOG_PAGE,TRUE,
cybersecurity training job placement,CYBERSECURITY_CAREER,COMMERCIAL,MOFU,MEDIUM,MEDIUM,PILLAR_BLOG_PAGE,TRUE,
cybersecurity training job guarantee,CYBERSECURITY_CAREER,COMMERCIAL,MOFU,MEDIUM,MEDIUM,PILLAR_BLOG_PAGE,TRUE,
cyber security training johannesburg,CYBER_LAB_LEARNING,COMMERCIAL,MOFU,MEDIUM,MEDIUM,PILLAR_BLOG_PAGE,TRUE,
cybersecurity training washington dc,CYBER_LAB_LEARNING,COMMERCIAL,MOFU,MEDIUM,MEDIUM,PILLAR_BLOG_PAGE,TRUE,
virtual network simulation software,CYBER_LAB_REQUIREMENTS,COMMERCIAL,MOFU,HIGH,MEDIUM,PILLAR_BLOG_PAGE,TRUE,
cybersecurity open source community,CYBER_LAB_REQUIREMENTS,INFORMATIONAL,TOFU,MEDIUM,MEDIUM,PILLAR_BLOG_PAGE,TRUE,
cybersecurity training in hyderabad,CYBER_LAB_LEARNING,COMMERCIAL,MOFU,MEDIUM,MEDIUM,PILLAR_BLOG_PAGE,TRUE,
cybersecurity job simulation forage,CYBERSECURITY_CAREER,INFORMATIONAL,TOFU,MEDIUM,MEDIUM,PILLAR_BLOG_PAGE,TRUE,
cybersecurity training black friday,CYBER_LAB_LEARNING,COMMERCIAL,BOFU,MEDIUM,MEDIUM,PILLAR_BLOG_PAGE,TRUE,
cybersecurity training doesn't work,CYBER_LAB_LEARNING,INFORMATIONAL,TOFU,MEDIUM,MEDIUM,PILLAR_BLOG_PAGE,TRUE,
cybersecurity training for veterans,CYBER_LAB_LEARNING,INFORMATIONAL,TOFU,MEDIUM,MEDIUM,PILLAR_BLOG_PAGE,TRUE,
cybersecurity training for teachers,CYBER_LAB_LEARNING,INFORMATIONAL,TOFU,MEDIUM,MEDIUM,PILLAR_BLOG_PAGE,TRUE,
cybersecurity training in bangalore,CYBER_LAB_LEARNING,COMMERCIAL,MOFU,MEDIUM,MEDIUM,PILLAR_BLOG_PAGE,TRUE,
cybersecurity training online india,CYBER_LAB_LEARNING,COMMERCIAL,MOFU,MEDIUM,MEDIUM,PILLAR_BLOG_PAGE,TRUE,
cybersecurity training south africa,CYBER_LAB_LEARNING,COMMERCIAL,MOFU,MEDIUM,MEDIUM,PILLAR_BLOG_PAGE,TRUE,
cybersecurity open source projects,CYBER_LAB_REQUIREMENTS,INFORMATIONAL,TOFU,MEDIUM,MEDIUM,PILLAR_BLOG_PAGE,TRUE,
cybersecurity open source software,CYBER_LAB_REQUIREMENTS,INFORMATIONAL,TOFU,MEDIUM,MEDIUM,PILLAR_BLOG_PAGE,TRUE,
cybersecurity training for schools,CYBER_LAB_LEARNING,INFORMATIONAL,TOFU,MEDIUM,MEDIUM,PILLAR_BLOG_PAGE,TRUE,
cyber security technology examples,CYBER_LAB_REQUIREMENTS,INFORMATIONAL,TOFU,MEDIUM,MEDIUM,PILLAR_BLOG_PAGE,TRUE,
training cyber threat intelligence,CYBER_LAB_LEARNING,INFORMATIONAL,TOFU,MEDIUM,MEDIUM,PILLAR_BLOG_PAGE,TRUE,
cyber virtual training environment,CYBER_LAB_SETUP,INFORMATIONAL,TOFU,HIGH,MEDIUM,PILLAR_BLOG_PAGE,TRUE,
cybersecurity training for seniors,CYBER_LAB_LEARNING,INFORMATIONAL,TOFU,MEDIUM,MEDIUM,PILLAR_BLOG_PAGE,TRUE,
cybersecurity training for elderly,CYBER_LAB_LEARNING,INFORMATIONAL,TOFU,MEDIUM,MEDIUM,PILLAR_BLOG_PAGE,TRUE,
cybersecurity training jobs remote,CYBERSECURITY_CAREER,INFORMATIONAL,TOFU,MEDIUM,MEDIUM,PILLAR_BLOG_PAGE,TRUE,
cybersecurity universities in uae,CYBERSECURITY_CAREER,INFORMATIONAL,TOFU,MEDIUM,MEDIUM,PILLAR_BLOG_PAGE,TRUE,
cyber security university ranking,CYBERSECURITY_CAREER,INFORMATIONAL,TOFU,MEDIUM,MEDIUM,PILLAR_BLOG_PAGE,TRUE,
cybersecurity vs computer science,CYBERSECURITY_CAREER,INFORMATIONAL,TOFU,MEDIUM,MEDIUM,PILLAR_BLOG_PAGE,TRUE,
cyber security software companies,CYBER_LAB_REQUIREMENTS,COMMERCIAL,MOFU,MEDIUM,MEDIUM,PILLAR_BLOG_PAGE,TRUE,
cyber security training companies,CYBER_LAB_REQUIREMENTS,COMMERCIAL,MOFU,MEDIUM,MEDIUM,PILLAR_BLOG_PAGE,TRUE,
virtual simulation based learning,CYBER_LAB_LEARNING,INFORMATIONAL,TOFU,MEDIUM,MEDIUM,PILLAR_BLOG_PAGE,TRUE,
virtual simulation learning tools,CYBER_LAB_REQUIREMENTS,COMMERCIAL,MOFU,MEDIUM,MEDIUM,PILLAR_BLOG_PAGE,TRUE,
cybersecurity career simulation 1,CYBERSECURITY_CAREER,INFORMATIONAL,TOFU,MEDIUM,MEDIUM,PILLAR_BLOG_PAGE,TRUE,
cybersecurity career simulation 2,CYBERSECURITY_CAREER,INFORMATIONAL,TOFU,MEDIUM,MEDIUM,PILLAR_BLOG_PAGE,TRUE,
cybersecurity games for employees,CYBER_LAB_LEARNING,INFORMATIONAL,TOFU,MEDIUM,MEDIUM,PILLAR_BLOG_PAGE,TRUE,
cyber security training tryhackme,CTF_PLATFORMS,COMMERCIAL,MOFU,HIGH,HIGH,COMPARISON_PAGE,TRUE,
cybersecurity open source github,CTF_PLATFORMS,INFORMATIONAL,MOFU,MEDIUM,HIGH,COMPARISON_PAGE,TRUE,
cybersecurity best course reddit,CYBERSECURITY_CAREER,INFORMATIONAL,TOFU,MEDIUM,MEDIUM,PILLAR_BLOG_PAGE,TRUE,
cybersecurity best course online,CYBERSECURITY_CAREER,COMMERCIAL,MOFU,MEDIUM,MEDIUM,PILLAR_BLOG_PAGE,TRUE,
what is enterprise cybersecurity,CYBER_LAB_SETUP,INFORMATIONAL,TOFU,HIGH,MEDIUM,PILLAR_BLOG_PAGE,TRUE,
cyber range johannesburg reviews,CTF_PLATFORMS,COMMERCIAL,MOFU,HIGH,HIGH,COMPARISON_PAGE,TRUE,
cybersecurity entry level salary,CYBERSECURITY_CAREER,INFORMATIONAL,TOFU,MEDIUM,MEDIUM,PILLAR_BLOG_PAGE,TRUE,
interactive lab simulation azure,CYBER_LAB_SETUP,INFORMATIONAL,TOFU,HIGH,MEDIUM,PILLAR_BLOG_PAGE,TRUE,
cyber security analyst simulator,CTF_PLATFORMS,COMMERCIAL,MOFU,HIGH,HIGH,CORE_PRODUCT_PAGE,TRUE,
cybersecurity training in europe,CYBERSECURITY_CAREER,INFORMATIONAL,TOFU,MEDIUM,MEDIUM,PILLAR_BLOG_PAGE,TRUE,
cybersecurity training hong kong,CYBERSECURITY_CAREER,INFORMATIONAL,TOFU,MEDIUM,MEDIUM,PILLAR_BLOG_PAGE,TRUE,
cybersecurity training in ibadan,CYBERSECURITY_CAREER,INFORMATIONAL,TOFU,MEDIUM,MEDIUM,PILLAR_BLOG_PAGE,TRUE,
cybersecurity training las vegas,CYBERSECURITY_CAREER,INFORMATIONAL,TOFU,MEDIUM,MEDIUM,PILLAR_BLOG_PAGE,TRUE,
cyber security training vadodara,CYBERSECURITY_CAREER,INFORMATIONAL,TOFU,MEDIUM,MEDIUM,PILLAR_BLOG_PAGE,TRUE,
virtual lab simulation software,CYBER_LAB_SETUP,COMMERCIAL,MOFU,HIGH,MEDIUM,PILLAR_BLOG_PAGE,TRUE,
cyber range simulation platform,CTF_PLATFORMS,COMMERCIAL,MOFU,HIGH,HIGH,CORE_PRODUCT_PAGE,TRUE,
cybersecurity vs cloud security,CTF_PLATFORMS,INFORMATIONAL,TOFU,MEDIUM,HIGH,COMPARISON_PAGE,TRUE,
cybersecurity vs cyber security,CTF_PLATFORMS,INFORMATIONAL,TOFU,MEDIUM,HIGH,COMPARISON_PAGE,TRUE,
cybersecurity vs data analytics,CTF_PLATFORMS,INFORMATIONAL,TOFU,MEDIUM,HIGH,COMPARISON_PAGE,TRUE,
cyber security training toronto,CYBERSECURITY_CAREER,INFORMATIONAL,TOFU,MEDIUM,MEDIUM,PILLAR_BLOG_PAGE,TRUE,
cyber networks training kampala,CYBERSECURITY_CAREER,INFORMATIONAL,TOFU,MEDIUM,MEDIUM,PILLAR_BLOG_PAGE,TRUE,
cyber ranges federation project,CTF_PLATFORMS,INFORMATIONAL,TOFU,HIGH,HIGH,CORE_PRODUCT_PAGE,TRUE,
cyber range features checklist,CYBER_LAB_REQUIREMENTS,COMMERCIAL,MOFU,HIGH,MEDIUM,PILLAR_BLOG_PAGE,TRUE,
cyber security different types,CYBERSECURITY_CAREER,INFORMATIONAL,TOFU,MEDIUM,MEDIUM,PILLAR_BLOG_PAGE,TRUE,
cybersecurity training and job,CYBERSECURITY_CAREER,INFORMATIONAL,TOFU,MEDIUM,MEDIUM,PILLAR_BLOG_PAGE,TRUE,
cyber range enablement support,CTF_PLATFORMS,COMMERCIAL,MOFU,HIGH,HIGH,CORE_PRODUCT_PAGE,TRUE,
cybersecurity courses in egypt,CYBERSECURITY_CAREER,INFORMATIONAL,TOFU,MEDIUM,MEDIUM,PILLAR_BLOG_PAGE,TRUE,
cybersecurity entry level jobs,CYBERSECURITY_CAREER,INFORMATIONAL,TOFU,MEDIUM,MEDIUM,PILLAR_BLOG_PAGE,TRUE,
cybersecurity jobs entry level,CYBERSECURITY_CAREER,INFORMATIONAL,TOFU,MEDIUM,MEDIUM,PILLAR_BLOG_PAGE,TRUE,
cybersecurity masters in egypt,CYBERSECURITY_CAREER,INFORMATIONAL,TOFU,MEDIUM,MEDIUM,PILLAR_BLOG_PAGE,TRUE,
simspace cyber range platform,CTF_PLATFORMS,COMMERCIAL,MOFU,HIGH,HIGH,COMPARISON_PAGE,TRUE,
cyber range training platform,CTF_PLATFORMS,COMMERCIAL,MOFU,HIGH,HIGH,CORE_PRODUCT_PAGE,TRUE,
cyber security saas companies,CTF_PLATFORMS,COMMERCIAL,MOFU,HIGH,HIGH,COMPARISON_PAGE,TRUE,
cybersecurity vs data science,CYBERSECURITY_CAREER,INFORMATIONAL,TOFU,MEDIUM,MEDIUM,PILLAR_BLOG_PAGE,TRUE,
cybersecurity training to job,CYBERSECURITY_CAREER,INFORMATIONAL,TOFU,MEDIUM,MEDIUM,PILLAR_BLOG_PAGE,TRUE,
cyber training for executives,CYBER_LAB_LEARNING,COMMERCIAL,MOFU,HIGH,MEDIUM,PILLAR_BLOG_PAGE,TRUE,
cyber security drill scenario,CYBER_LAB_LEARNING,INFORMATIONAL,TOFU,HIGH,MEDIUM,PILLAR_BLOG_PAGE,TRUE,
cyber drill tabletop exercise,CYBER_LAB_LEARNING,INFORMATIONAL,TOFU,HIGH,MEDIUM,PILLAR_BLOG_PAGE,TRUE,
virtual labs training program,CYBER_LAB_LEARNING,COMMERCIAL,MOFU,HIGH,MEDIUM,PILLAR_BLOG_PAGE,TRUE,
virtual lab simulation github,CTF_PLATFORMS,INFORMATIONAL,MOFU,MEDIUM,HIGH,COMPARISON_PAGE,TRUE,
virtual lab simulation online,CTF_PLATFORMS,COMMERCIAL,MOFU,HIGH,HIGH,CORE_PRODUCT_PAGE,TRUE,
cybersecurity in saudi arabia,CYBERSECURITY_CAREER,INFORMATIONAL,TOFU,MEDIUM,MEDIUM,PILLAR_BLOG_PAGE,TRUE,
cybersecurity salary in egypt,CYBERSECURITY_CAREER,INFORMATIONAL,TOFU,MEDIUM,MEDIUM,PILLAR_BLOG_PAGE,TRUE,
cybersecurity salary in india,CYBERSECURITY_CAREER,INFORMATIONAL,TOFU,MEDIUM,MEDIUM,PILLAR_BLOG_PAGE,TRUE,
cybersecurity years of school,CYBERSECURITY_CAREER,INFORMATIONAL,TOFU,MEDIUM,MEDIUM,PILLAR_BLOG_PAGE,TRUE,
cyber security drill example,CYBER_LAB_LEARNING,INFORMATIONAL,MOFU,MEDIUM,MEDIUM,PILLAR_BLOG_PAGE,TRUE,
virtual labs and simulations,CYBER_LAB_SETUP,INFORMATIONAL,TOFU,MEDIUM,MEDIUM,PILLAR_BLOG_PAGE,TRUE,
virtual lab software testing,CYBER_LAB_SETUP,INFORMATIONAL,TOFU,MEDIUM,MEDIUM,PILLAR_BLOG_PAGE,TRUE,
cyber security pricing model,CYBER_LAB_REQUIREMENTS,COMMERCIAL,BOFU,HIGH,MEDIUM,PILLAR_BLOG_PAGE,TRUE,
network security open source,CYBER_LAB_REQUIREMENTS,INFORMATIONAL,MOFU,MEDIUM,MEDIUM,PILLAR_BLOG_PAGE,TRUE,
cyber defense training cloud,CYBER_LAB_SETUP,COMMERCIAL,MOFU,HIGH,MEDIUM,PILLAR_BLOG_PAGE,TRUE,
cyber training for employees,CYBER_LAB_LEARNING,COMMERCIAL,MOFU,HIGH,MEDIUM,PILLAR_BLOG_PAGE,TRUE,
cyber ranges federations crf,CTF_PLATFORMS,INFORMATIONAL,MOFU,HIGH,HIGH,CORE_PRODUCT_PAGE,TRUE,
cyber warfare range engineer,CYBERSECURITY_CAREER,INFORMATIONAL,MOFU,MEDIUM,MEDIUM,PILLAR_BLOG_PAGE,TRUE,
virtual labs on cryptography,CYBER_LAB_SETUP,INFORMATIONAL,TOFU,MEDIUM,MEDIUM,PILLAR_BLOG_PAGE,TRUE,
virtual labs outreach portal,CYBER_LAB_SETUP,INFORMATIONAL,TOFU,MEDIUM,MEDIUM,PILLAR_BLOG_PAGE,TRUE,
cyber security engineer jobs,CYBERSECURITY_CAREER,INFORMATIONAL,TOFU,MEDIUM,MEDIUM,PILLAR_BLOG_PAGE,TRUE,
network lab simulator online,CYBER_LAB_SETUP,COMMERCIAL,MOFU,HIGH,MEDIUM,PILLAR_BLOG_PAGE,TRUE,
online cyber range solution,CTF_PLATFORMS,COMMERCIAL,BOFU,HIGH,HIGH,CORE_PRODUCT_PAGE,TRUE,
cyber range platform github,CTF_PLATFORMS,COMMERCIAL,MOFU,HIGH,HIGH,COMPARISON_PAGE,TRUE,
virtual lab simulation free,CTF_PLATFORMS,COMMERCIAL,MOFU,HIGH,HIGH,COMPARISON_PAGE,TRUE,
cyber security demo website,CTF_PLATFORMS,COMMERCIAL,MOFU,HIGH,HIGH,CORE_PRODUCT_PAGE,TRUE,
cyber security best college,CYBERSECURITY_CAREER,INFORMATIONAL,TOFU,MEDIUM,MEDIUM,PILLAR_BLOG_PAGE,TRUE,
cybersecurity how to become,CYBERSECURITY_CAREER,INFORMATIONAL,TOFU,MEDIUM,MEDIUM,PILLAR_BLOG_PAGE,TRUE,
cyber training manager jobs,CYBERSECURITY_CAREER,INFORMATIONAL,TOFU,MEDIUM,MEDIUM,PILLAR_BLOG_PAGE,TRUE,
cyber exercise planner jobs,CYBERSECURITY_CAREER,INFORMATIONAL,TOFU,MEDIUM,MEDIUM,PILLAR_BLOG_PAGE,TRUE,
cyber range engineer salary,CYBERSECURITY_CAREER,INFORMATIONAL,TOFU,MEDIUM,MEDIUM,PILLAR_BLOG_PAGE,TRUE,
cyber range network diagram,CYBER_LAB_REQUIREMENTS,INFORMATIONAL,MOFU,HIGH,MEDIUM,PILLAR_BLOG_PAGE,TRUE,
cyber range pentester tools,CYBER_LAB_REQUIREMENTS,INFORMATIONAL,MOFU,HIGH,MEDIUM,PILLAR_BLOG_PAGE,TRUE,
cyber range training centre,CTF_PLATFORMS,COMMERCIAL,BOFU,HIGH,HIGH,CORE_PRODUCT_PAGE,TRUE,
cybersecurity salary in usa,CYBERSECURITY_CAREER,INFORMATIONAL,TOFU,MEDIUM,MEDIUM,PILLAR_BLOG_PAGE,TRUE,
cyber security training kit,CYBER_LAB_REQUIREMENTS,COMMERCIAL,MOFU,HIGH,MEDIUM,PILLAR_BLOG_PAGE,TRUE,
simulations & virtual labs,CYBER_LAB_SETUP,INFORMATIONAL,TOFU,HIGH,MEDIUM,PILLAR_BLOG_PAGE,TRUE,
cybersecurity how to start,CYBERSECURITY_CAREER,INFORMATIONAL,TOFU,MEDIUM,MEDIUM,PILLAR_BLOG_PAGE,TRUE,
cybersecurity how to learn,CYBERSECURITY_CAREER,INFORMATIONAL,TOFU,MEDIUM,MEDIUM,PILLAR_BLOG_PAGE,TRUE,
cyber range immersive labs,CTF_PLATFORMS,COMMERCIAL,MOFU,HIGH,HIGH,COMPARISON_PAGE,TRUE,
virtual lab simulation app,CYBER_LAB_SETUP,INFORMATIONAL,TOFU,MEDIUM,MEDIUM,PILLAR_BLOG_PAGE,TRUE,
virtual lab simulation iot,CYBER_LAB_SETUP,INFORMATIONAL,TOFU,MEDIUM,MEDIUM,PILLAR_BLOG_PAGE,TRUE,
cyber security jobs salary,CYBERSECURITY_CAREER,INFORMATIONAL,TOFU,MEDIUM,MEDIUM,PILLAR_BLOG_PAGE,TRUE,
lab simulator for network+,CYBER_LAB_SETUP,INFORMATIONAL,TOFU,MEDIUM,MEDIUM,PILLAR_BLOG_PAGE,TRUE,
cyber security training va,CYBER_LAB_LEARNING,COMMERCIAL,MOFU,HIGH,MEDIUM,PILLAR_BLOG_PAGE,TRUE,
kypo cyber range platform,CTF_PLATFORMS,COMMERCIAL,MOFU,HIGH,HIGH,COMPARISON_PAGE,TRUE,
free cyber range platform,CTF_PLATFORMS,COMMERCIAL,MOFU,MEDIUM,HIGH,COMPARISON_PAGE,TRUE,
best cyber range platform,CTF_PLATFORMS,COMMERCIAL,MOFU,HIGH,HIGH,COMPARISON_PAGE,TRUE,
virtual lab software engg,CYBER_LAB_SETUP,INFORMATIONAL,TOFU,MEDIUM,MEDIUM,PILLAR_BLOG_PAGE,TRUE,
ctf hosting platform free,CTF_HOSTING,COMMERCIAL,MOFU,HIGH,HIGH,USE_CASE_PAGE,TRUE,
cybersecurity what is soc,SOC_AND_INTERVIEW,INFORMATIONAL,TOFU,MEDIUM,MEDIUM,PILLAR_BLOG_PAGE,TRUE,
cyber range engineer jobs,CYBERSECURITY_CAREER,INFORMATIONAL,TOFU,MEDIUM,MEDIUM,PILLAR_BLOG_PAGE,TRUE,
offsec cyber range price,CTF_PLATFORMS,COMMERCIAL,BOFU,HIGH,HIGH,COMPARISON_PAGE,TRUE,
open source virtual labs,CTF_PLATFORMS,COMMERCIAL,MOFU,HIGH,HIGH,COMPARISON_PAGE,TRUE,
cyber training air force,CYBERSECURITY_CAREER,INFORMATIONAL,TOFU,MEDIUM,MEDIUM,PILLAR_BLOG_PAGE,TRUE,
cyber range vpn download,CTF_PLATFORMS,COMMERCIAL,MOFU,HIGH,HIGH,CORE_PRODUCT_PAGE,TRUE,
cyber range open source,CTF_PLATFORMS,COMMERCIAL,MOFU,HIGH,HIGH,COMPARISON_PAGE,TRUE,
kypo cyber range github,CTF_PLATFORMS,COMMERCIAL,MOFU,HIGH,HIGH,COMPARISON_PAGE,TRUE,
cyber range josh reddit,CTF_PLATFORMS,INFORMATIONAL,MOFU,HIGH,HIGH,COMPARISON_PAGE,TRUE,
cyber range market size,CTF_PLATFORMS,INFORMATIONAL,TOFU,HIGH,HIGH,PILLAR_BLOG_PAGE,TRUE,
cyber ranges promo code,CTF_PLATFORMS,TRANSACTIONAL,BOFU,HIGH,HIGH,CORE_PRODUCT_PAGE,TRUE,
hands on education jobs,CYBERSECURITY_CAREER,INFORMATIONAL,TOFU,MEDIUM,MEDIUM,PILLAR_BLOG_PAGE,TRUE,
hands on teaching tools,CYBER_LAB_REQUIREMENTS,INFORMATIONAL,TOFU,MEDIUM,MEDIUM,PILLAR_BLOG_PAGE,TRUE,
cost of cyber security,CYBERSECURITY_CAREER,INFORMATIONAL,TOFU,MEDIUM,MEDIUM,PILLAR_BLOG_PAGE,TRUE,
cyber training us army,CYBER_LAB_LEARNING,INFORMATIONAL,TOFU,HIGH,MEDIUM,PILLAR_BLOG_PAGE,TRUE,
virtual games for work,CTF_BASICS,INFORMATIONAL,TOFU,HIGH,MEDIUM,PILLAR_BLOG_PAGE,TRUE,
virtual games for team,CTF_BASICS,INFORMATIONAL,TOFU,HIGH,MEDIUM,PILLAR_BLOG_PAGE,TRUE,
virtual games in teams,CTF_BASICS,INFORMATIONAL,TOFU,HIGH,MEDIUM,PILLAR_BLOG_PAGE,TRUE,
virtual games on teams,CTF_BASICS,INFORMATIONAL,TOFU,HIGH,MEDIUM,PILLAR_BLOG_PAGE,TRUE,
cyber range ec council,CTF_PLATFORMS,INFORMATIONAL,TOFU,HIGH,HIGH,COMPARISON_PAGE,TRUE,
cyber range kali linux,CTF_PLATFORMS,INFORMATIONAL,TOFU,HIGH,HIGH,COMPARISON_PAGE,TRUE,
cyber range vpn client,CYBER_LAB_REQUIREMENTS,INFORMATIONAL,TOFU,HIGH,MEDIUM,PILLAR_BLOG_PAGE,TRUE,
virtual labs github io,CTF_PLATFORMS,NAVIGATIONAL,TOFU,HIGH,HIGH,COMPARISON_PAGE,TRUE,
cyber range blue team,CYBER_LAB_SETUP,INFORMATIONAL,MOFU,HIGH,MEDIUM,PILLAR_BLOG_PAGE,TRUE,
cyber range red team,CTF_PLATFORMS,COMMERCIAL,MOFU,HIGH,HIGH,CORE_PRODUCT_PAGE,TRUE,
xp cyber range help,CTF_PLATFORMS,INFORMATIONAL,MOFU,HIGH,HIGH,CORE_PRODUCT_PAGE,TRUE,
cyber range on aws,CTF_HOSTING,COMMERCIAL,MOFU,HIGH,HIGH,USE_CASE_PAGE,TRUE,
cybersecurity certification comparison,CYBERSECURITY_CAREER,INFORMATIONAL,MOFU,MEDIUM,MEDIUM,PILLAR_BLOG_PAGE,TRUE,
cybersecurity enterprise architecture,CYBER_LAB_REQUIREMENTS,INFORMATIONAL,MOFU,HIGH,MEDIUM,PILLAR_BLOG_PAGE,TRUE,
cybersecurity platform consolidation,CYBER_LAB_REQUIREMENTS,INFORMATIONAL,MOFU,HIGH,MEDIUM,PILLAR_BLOG_PAGE,TRUE,
cybersecurity training certification,CYBERSECURITY_CAREER,INFORMATIONAL,MOFU,MEDIUM,MEDIUM,PILLAR_BLOG_PAGE,TRUE,
cybersecurity training effectiveness,CYBER_LAB_LEARNING,INFORMATIONAL,MOFU,HIGH,MEDIUM,PILLAR_BLOG_PAGE,TRUE,
cybersecurity training opportunities,CYBERSECURITY_CAREER,INFORMATIONAL,MOFU,MEDIUM,MEDIUM,PILLAR_BLOG_PAGE,TRUE,
cybersecurity frameworks comparison,CYBER_LAB_REQUIREMENTS,INFORMATIONAL,MOFU,HIGH,MEDIUM,PILLAR_BLOG_PAGE,TRUE,
cybersecurity certification roadmap,CYBERSECURITY_CAREER,INFORMATIONAL,MOFU,MEDIUM,MEDIUM,PILLAR_BLOG_PAGE,TRUE,
cybersecurity roadmap certification,CYBERSECURITY_CAREER,INFORMATIONAL,MOFU,MEDIUM,MEDIUM,PILLAR_BLOG_PAGE,TRUE,
cybersecurity internship simulation,CYBER_LAB_LEARNING,INFORMATIONAL,MOFU,MEDIUM,MEDIUM,PILLAR_BLOG_PAGE,TRUE,
cybersecurity training gamification,CYBER_LAB_LEARNING,INFORMATIONAL,MOFU,HIGH,MEDIUM,PILLAR_BLOG_PAGE,TRUE,
cybersecurity training requirements,CYBER_LAB_REQUIREMENTS,INFORMATIONAL,MOFU,HIGH,MEDIUM,PILLAR_BLOG_PAGE,TRUE,
enterprise cybersecurity architect,CYBERSECURITY_CAREER,INFORMATIONAL,MOFU,HIGH,MEDIUM,PILLAR_BLOG_PAGE,TRUE,
cybersecurity readiness assessment,CYBER_LAB_REQUIREMENTS,INFORMATIONAL,MOFU,HIGH,MEDIUM,PILLAR_BLOG_PAGE,TRUE,
cybersecurity awareness simulation,CYBER_LAB_LEARNING,INFORMATIONAL,MOFU,HIGH,MEDIUM,PILLAR_BLOG_PAGE,TRUE,
cybersecurity training development,CYBER_LAB_LEARNING,INFORMATIONAL,MOFU,HIGH,MEDIUM,PILLAR_BLOG_PAGE,TRUE,
cybersecurity training netherlands,CYBER_LAB_LEARNING,INFORMATIONAL,MOFU,MEDIUM,MEDIUM,PILLAR_BLOG_PAGE,TRUE,
cybersecurity training philippines,CYBER_LAB_LEARNING,INFORMATIONAL,MOFU,MEDIUM,MEDIUM,PILLAR_BLOG_PAGE,TRUE,
cybersecurity training scholarship,CYBER_LAB_LEARNING,INFORMATIONAL,MOFU,MEDIUM,MEDIUM,PILLAR_BLOG_PAGE,TRUE,
cybersecurity best certifications,CYBERSECURITY_CAREER,INFORMATIONAL,MOFU,MEDIUM,MEDIUM,PILLAR_BLOG_PAGE,TRUE,
cybersecurity certification price,CYBERSECURITY_CAREER,INFORMATIONAL,MOFU,MEDIUM,MEDIUM,PILLAR_BLOG_PAGE,TRUE,
cybersecurity enterprise software,CYBER_LAB_REQUIREMENTS,INFORMATIONAL,MOFU,HIGH,MEDIUM,PILLAR_BLOG_PAGE,TRUE,
cybersecurity readiness checklist,CYBER_LAB_REQUIREMENTS,INFORMATIONAL,MOFU,HIGH,MEDIUM,PILLAR_BLOG_PAGE,TRUE,
cybersecurity simulation software,CTF_PLATFORMS,COMMERCIAL,BOFU,HIGH,HIGH,CORE_PRODUCT_PAGE,TRUE,
cybersecurity simulation platform,CTF_PLATFORMS,COMMERCIAL,MOFU,HIGH,HIGH,CORE_PRODUCT_PAGE,TRUE,
cybersecurity training specialist,CYBERSECURITY_CAREER,INFORMATIONAL,TOFU,MEDIUM,MEDIUM,PILLAR_BLOG_PAGE,TRUE,
cybersecurity software developer,CYBERSECURITY_CAREER,INFORMATIONAL,TOFU,MEDIUM,MEDIUM,PILLAR_BLOG_PAGE,TRUE,
platform cybersecurity challenge,CTF_PLATFORMS,COMMERCIAL,MOFU,HIGH,HIGH,CORE_PRODUCT_PAGE,TRUE,
cybersecurity training platforms,CTF_PLATFORMS,COMMERCIAL,MOFU,HIGH,HIGH,CORE_PRODUCT_PAGE,TRUE,
cybersecurity simulation program,CTF_PLATFORMS,COMMERCIAL,MOFU,HIGH,HIGH,CORE_PRODUCT_PAGE,TRUE,
cybersecurity training exercises,CYBER_LAB_LEARNING,INFORMATIONAL,TOFU,MEDIUM,MEDIUM,PILLAR_BLOG_PAGE,TRUE,
cybersecurity training education,CYBER_LAB_LEARNING,INFORMATIONAL,TOFU,MEDIUM,MEDIUM,PILLAR_BLOG_PAGE,TRUE,
cybersecurity training resources,CYBER_LAB_LEARNING,INFORMATIONAL,TOFU,MEDIUM,MEDIUM,PILLAR_BLOG_PAGE,TRUE,
cybersecurity software engineer,CYBERSECURITY_CAREER,INFORMATIONAL,TOFU,MEDIUM,MEDIUM,PILLAR_BLOG_PAGE,TRUE,
cybersecurity platform engineer,CYBERSECURITY_CAREER,INFORMATIONAL,TOFU,MEDIUM,MEDIUM,PILLAR_BLOG_PAGE,TRUE,
cybersecurity training programs,CYBER_LAB_LEARNING,COMMERCIAL,MOFU,MEDIUM,MEDIUM,PILLAR_BLOG_PAGE,TRUE,
cybersecurity training software,CYBER_LAB_REQUIREMENTS,COMMERCIAL,MOFU,HIGH,MEDIUM,PILLAR_BLOG_PAGE,TRUE,
cybersecurity bachelor's degree,CYBERSECURITY_CAREER,INFORMATIONAL,TOFU,MEDIUM,MEDIUM,PILLAR_BLOG_PAGE,TRUE,
cybersecurity graduate programs,CYBERSECURITY_CAREER,INFORMATIONAL,TOFU,MEDIUM,MEDIUM,PILLAR_BLOG_PAGE,TRUE,
cybersecurity crisis simulation,CYBER_LAB_LEARNING,COMMERCIAL,MOFU,HIGH,MEDIUM,PILLAR_BLOG_PAGE,TRUE,
cybersecurity educational games,CYBER_LAB_LEARNING,INFORMATIONAL,TOFU,MEDIUM,MEDIUM,PILLAR_BLOG_PAGE,TRUE,
cybersecurity interactive games,CYBER_LAB_LEARNING,INFORMATIONAL,TOFU,MEDIUM,MEDIUM,PILLAR_BLOG_PAGE,TRUE,
cybersecurity threat simulation,CYBER_LAB_LEARNING,COMMERCIAL,MOFU,HIGH,MEDIUM,PILLAR_BLOG_PAGE,TRUE,
cybersecurity training bootcamp,CYBER_LAB_LEARNING,COMMERCIAL,MOFU,MEDIUM,MEDIUM,PILLAR_BLOG_PAGE,TRUE,
cybersecurity training benefits,CYBER_LAB_LEARNING,INFORMATIONAL,TOFU,MEDIUM,MEDIUM,PILLAR_BLOG_PAGE,TRUE,
cybersecurity training document,CYBER_LAB_LEARNING,INFORMATIONAL,TOFU,MEDIUM,MEDIUM,PILLAR_BLOG_PAGE,TRUE,
cybersecurity training veterans,CYBERSECURITY_CAREER,INFORMATIONAL,TOFU,MEDIUM,MEDIUM,PILLAR_BLOG_PAGE,TRUE,
cybersecurity training virginia,CYBERSECURITY_CAREER,INFORMATIONAL,TOFU,MEDIUM,MEDIUM,PILLAR_BLOG_PAGE,TRUE,
cybersecurity services pricing,CYBER_LAB_REQUIREMENTS,COMMERCIAL,MOFU,HIGH,MEDIUM,PILLAR_BLOG_PAGE,TRUE,
cybersecurity enterprise sales,CYBER_LAB_REQUIREMENTS,COMMERCIAL,MOFU,HIGH,MEDIUM,PILLAR_BLOG_PAGE,TRUE,
cybersecurity enterprise tools,CYBER_LAB_REQUIREMENTS,COMMERCIAL,MOFU,HIGH,MEDIUM,PILLAR_BLOG_PAGE,TRUE,
free cybersecurity simulations,CTF_PLATFORMS,COMMERCIAL,MOFU,HIGH,HIGH,COMPARISON_PAGE,TRUE,
cybersecurity simulation tools,CTF_PLATFORMS,COMMERCIAL,MOFU,HIGH,HIGH,CORE_PRODUCT_PAGE,TRUE,
virtual simulation environment,CYBER_LAB_SETUP,INFORMATIONAL,TOFU,HIGH,MEDIUM,PILLAR_BLOG_PAGE,TRUE,
virtual simulation engineering,CYBER_LAB_SETUP,INFORMATIONAL,TOFU,HIGH,MEDIUM,PILLAR_BLOG_PAGE,TRUE,
cybersecurity learnership 2026,CYBERSECURITY_CAREER,INFORMATIONAL,TOFU,MEDIUM,MEDIUM,PILLAR_BLOG_PAGE,TRUE,
cybersecurity simulator online,CTF_PLATFORMS,COMMERCIAL,MOFU,HIGH,HIGH,CORE_PRODUCT_PAGE,TRUE,
cybersecurity training belgium,CYBERSECURITY_CAREER,INFORMATIONAL,TOFU,MEDIUM,MEDIUM,PILLAR_BLOG_PAGE,TRUE,
cybersecurity training dataset,CYBER_LAB_REQUIREMENTS,INFORMATIONAL,TOFU,HIGH,MEDIUM,PILLAR_BLOG_PAGE,TRUE,
cybersecurity training germany,CYBERSECURITY_CAREER,INFORMATIONAL,TOFU,MEDIUM,MEDIUM,PILLAR_BLOG_PAGE,TRUE,
cybersecurity training roadmap,CYBERSECURITY_CAREER,INFORMATIONAL,TOFU,MEDIUM,MEDIUM,PILLAR_BLOG_PAGE,TRUE,
cybersecurity training vendors,CTF_PLATFORMS,COMMERCIAL,MOFU,HIGH,HIGH,COMPARISON_PAGE,TRUE,
cybersecurity job simulations,CYBER_LAB_LEARNING,INFORMATIONAL,MOFU,HIGH,MEDIUM,PILLAR_BLOG_PAGE,TRUE,
cybersecurity training online,CYBER_LAB_LEARNING,INFORMATIONAL,TOFU,MEDIUM,MEDIUM,PILLAR_BLOG_PAGE,TRUE,
cybersecurity course platform,CTF_PLATFORMS,COMMERCIAL,MOFU,HIGH,HIGH,CORE_PRODUCT_PAGE,TRUE,
cybersecurity training topics,CYBER_LAB_LEARNING,INFORMATIONAL,TOFU,MEDIUM,MEDIUM,PILLAR_BLOG_PAGE,TRUE,
cybersecurity engineer salary,CYBERSECURITY_CAREER,INFORMATIONAL,TOFU,MEDIUM,MEDIUM,PILLAR_BLOG_PAGE,TRUE,
cybersecurity government jobs,CYBERSECURITY_CAREER,INFORMATIONAL,TOFU,MEDIUM,MEDIUM,PILLAR_BLOG_PAGE,TRUE,
cybersecurity knowledge graph,CYBER_LAB_LEARNING,INFORMATIONAL,TOFU,MEDIUM,MEDIUM,PILLAR_BLOG_PAGE,TRUE,
cybersecurity research papers,CYBER_LAB_LEARNING,INFORMATIONAL,TOFU,MEDIUM,MEDIUM,PILLAR_BLOG_PAGE,TRUE,
cybersecurity training canada,CYBERSECURITY_CAREER,COMMERCIAL,MOFU,MEDIUM,MEDIUM,PILLAR_BLOG_PAGE,TRUE,
cybersecurity training center,CYBERSECURITY_CAREER,COMMERCIAL,MOFU,MEDIUM,MEDIUM,PILLAR_BLOG_PAGE,TRUE,
cybersecurity training dallas,CYBERSECURITY_CAREER,COMMERCIAL,MOFU,MEDIUM,MEDIUM,PILLAR_BLOG_PAGE,TRUE,
cybersecurity training events,CYBERSECURITY_CAREER,COMMERCIAL,MOFU,MEDIUM,MEDIUM,PILLAR_BLOG_PAGE,TRUE,
cybersecurity training grants,CYBERSECURITY_CAREER,INFORMATIONAL,MOFU,MEDIUM,MEDIUM,PILLAR_BLOG_PAGE,TRUE,
cybersecurity training kerala,CYBERSECURITY_CAREER,COMMERCIAL,MOFU,MEDIUM,MEDIUM,PILLAR_BLOG_PAGE,TRUE,
cybersecurity training london,CYBERSECURITY_CAREER,COMMERCIAL,MOFU,MEDIUM,MEDIUM,PILLAR_BLOG_PAGE,TRUE,
cybersecurity training riyadh,CYBERSECURITY_CAREER,COMMERCIAL,MOFU,MEDIUM,MEDIUM,PILLAR_BLOG_PAGE,TRUE,
cybersecurity training remote,CYBERSECURITY_CAREER,COMMERCIAL,MOFU,MEDIUM,MEDIUM,PILLAR_BLOG_PAGE,TRUE,
cybersecurity training school,CYBERSECURITY_CAREER,COMMERCIAL,MOFU,MEDIUM,MEDIUM,PILLAR_BLOG_PAGE,TRUE,
virtual simulation platforms,CTF_PLATFORMS,COMMERCIAL,MOFU,HIGH,HIGH,CORE_PRODUCT_PAGE,TRUE,
virtual labs characteristics,CYBER_LAB_SETUP,INFORMATIONAL,TOFU,MEDIUM,MEDIUM,PILLAR_BLOG_PAGE,TRUE,
cybersecurity best companies,CYBERSECURITY_CAREER,INFORMATIONAL,MOFU,MEDIUM,MEDIUM,PILLAR_BLOG_PAGE,TRUE,
cybersecurity platforms list,CTF_PLATFORMS,COMMERCIAL,MOFU,HIGH,HIGH,COMPARISON_PAGE,TRUE,
cybersecurity for enterprise,CYBER_LAB_SETUP,COMMERCIAL,MOFU,HIGH,MEDIUM,PILLAR_BLOG_PAGE,TRUE,
cybersecurity saas companies,CTF_PLATFORMS,COMMERCIAL,MOFU,HIGH,HIGH,COMPARISON_PAGE,TRUE,
cybersecurity training price,CYBER_LAB_LEARNING,COMMERCIAL,MOFU,HIGH,MEDIUM,PILLAR_BLOG_PAGE,TRUE,
virtual simulation classroom,CYBER_LAB_SETUP,INFORMATIONAL,TOFU,HIGH,MEDIUM,PILLAR_BLOG_PAGE,TRUE,
virtual simulation education,CYBER_LAB_SETUP,INFORMATIONAL,TOFU,HIGH,MEDIUM,PILLAR_BLOG_PAGE,TRUE,
cybersecurity analyst salary,CYBERSECURITY_CAREER,INFORMATIONAL,TOFU,MEDIUM,MEDIUM,PILLAR_BLOG_PAGE,TRUE,
cybersecurity freelance jobs,CYBERSECURITY_CAREER,INFORMATIONAL,TOFU,MEDIUM,MEDIUM,PILLAR_BLOG_PAGE,TRUE,
cybersecurity online courses,CYBER_LAB_LEARNING,COMMERCIAL,MOFU,HIGH,MEDIUM,PILLAR_BLOG_PAGE,TRUE,
cybersecurity quiz questions,SOC_AND_INTERVIEW,INFORMATIONAL,TOFU,MEDIUM,MEDIUM,PILLAR_BLOG_PAGE,TRUE,
cybersecurity roadmap github,CYBERSECURITY_CAREER,INFORMATIONAL,TOFU,MEDIUM,MEDIUM,PILLAR_BLOG_PAGE,TRUE,
simulation lab certification,CYBER_LAB_LEARNING,COMMERCIAL,MOFU,HIGH,MEDIUM,PILLAR_BLOG_PAGE,TRUE,
cybersecurity simulator free,CTF_PLATFORMS,COMMERCIAL,MOFU,HIGH,HIGH,COMPARISON_PAGE,TRUE,
cybersecurity simulation lab,CYBER_LAB_SETUP,INFORMATIONAL,TOFU,HIGH,MEDIUM,PILLAR_BLOG_PAGE,TRUE,
cybersecurity training dubai,CYBER_LAB_LEARNING,COMMERCIAL,MOFU,HIGH,MEDIUM,PILLAR_BLOG_PAGE,TRUE,
cybersecurity training delhi,CYBER_LAB_LEARNING,COMMERCIAL,MOFU,HIGH,MEDIUM,PILLAR_BLOG_PAGE,TRUE,
cybersecurity training egypt,CYBER_LAB_LEARNING,COMMERCIAL,MOFU,HIGH,MEDIUM,PILLAR_BLOG_PAGE,TRUE,
cybersecurity training roles,CYBERSECURITY_CAREER,INFORMATIONAL,TOFU,MEDIUM,MEDIUM,PILLAR_BLOG_PAGE,TRUE,
cybersecurity training sites,CTF_PLATFORMS,COMMERCIAL,MOFU,HIGH,HIGH,CORE_PRODUCT_PAGE,TRUE,
security training companies,CTF_PLATFORMS,COMMERCIAL,MOFU,HIGH,HIGH,COMPARISON_PAGE,TRUE,
cybersecurity best colleges,CYBERSECURITY_CAREER,INFORMATIONAL,TOFU,MEDIUM,MEDIUM,PILLAR_BLOG_PAGE,TRUE,
cybersecurity saas examples,CTF_PLATFORMS,COMMERCIAL,MOFU,HIGH,HIGH,COMPARISON_PAGE,TRUE,
cybersecurity saas products,CTF_PLATFORMS,COMMERCIAL,MOFU,HIGH,HIGH,COMPARISON_PAGE,TRUE,
cybersecurity saas platform,CTF_PLATFORMS,COMMERCIAL,MOFU,HIGH,HIGH,CORE_PRODUCT_PAGE,TRUE,
cybersecurity training best,CTF_PLATFORMS,COMMERCIAL,MOFU,HIGH,HIGH,COMPARISON_PAGE,TRUE,
cybersecurity training cost,CTF_PLATFORMS,COMMERCIAL,MOFU,HIGH,HIGH,CORE_PRODUCT_PAGE,TRUE,
cybersecurity training saas,CTF_PLATFORMS,COMMERCIAL,MOFU,HIGH,HIGH,CORE_PRODUCT_PAGE,TRUE,
cybersecurity degree online,CYBERSECURITY_CAREER,COMMERCIAL,MOFU,MEDIUM,MEDIUM,PILLAR_BLOG_PAGE,TRUE,
cybersecurity online degree,CYBERSECURITY_CAREER,COMMERCIAL,MOFU,MEDIUM,MEDIUM,PILLAR_BLOG_PAGE,TRUE,
cybersecurity yearly salary,CYBERSECURITY_CAREER,INFORMATIONAL,TOFU,MEDIUM,MEDIUM,PILLAR_BLOG_PAGE,TRUE,
simulation lab requirements,CYBER_LAB_REQUIREMENTS,INFORMATIONAL,MOFU,HIGH,MEDIUM,PILLAR_BLOG_PAGE,TRUE,
cybersecurity training jobs,CYBERSECURITY_CAREER,COMMERCIAL,MOFU,MEDIUM,MEDIUM,PILLAR_BLOG_PAGE,TRUE,
cybersecurity training labs,CYBER_LAB_LEARNING,COMMERCIAL,MOFU,HIGH,MEDIUM,PILLAR_BLOG_PAGE,TRUE,
cybersecurity training list,CYBER_LAB_REQUIREMENTS,INFORMATIONAL,MOFU,HIGH,MEDIUM,PILLAR_BLOG_PAGE,TRUE,
cybersecurity training path,CYBERSECURITY_CAREER,INFORMATIONAL,TOFU,MEDIUM,MEDIUM,PILLAR_BLOG_PAGE,TRUE,
cybersecurity course price,CYBERSECURITY_CAREER,COMMERCIAL,BOFU,MEDIUM,MEDIUM,PILLAR_BLOG_PAGE,TRUE,
cyber training certificate,CYBERSECURITY_CAREER,INFORMATIONAL,TOFU,MEDIUM,MEDIUM,PILLAR_BLOG_PAGE,TRUE,
cyber training environment,CYBER_LAB_SETUP,INFORMATIONAL,TOFU,HIGH,MEDIUM,PILLAR_BLOG_PAGE,TRUE,
virtual simulation program,CYBER_LAB_SETUP,INFORMATIONAL,TOFU,HIGH,MEDIUM,PILLAR_BLOG_PAGE,TRUE,
virtual simulation systems,CYBER_LAB_SETUP,INFORMATIONAL,TOFU,HIGH,MEDIUM,PILLAR_BLOG_PAGE,TRUE,
virtual simulation website,CYBER_LAB_SETUP,INFORMATIONAL,TOFU,HIGH,MEDIUM,PILLAR_BLOG_PAGE,TRUE,
cyber range infrastructure,CYBER_LAB_SETUP,INFORMATIONAL,TOFU,HIGH,MEDIUM,PILLAR_BLOG_PAGE,TRUE,
virtual laboratory website,CYBER_LAB_SETUP,INFORMATIONAL,TOFU,HIGH,MEDIUM,PILLAR_BLOG_PAGE,TRUE,
simulation lab coordinator,CYBER_LAB_SETUP,INFORMATIONAL,TOFU,MEDIUM,MEDIUM,PILLAR_BLOG_PAGE,TRUE,
simulation lab engineering,CYBER_LAB_SETUP,INFORMATIONAL,TOFU,MEDIUM,MEDIUM,PILLAR_BLOG_PAGE,TRUE,
cybersecurity training dod,CYBER_LAB_LEARNING,COMMERCIAL,MOFU,HIGH,MEDIUM,PILLAR_BLOG_PAGE,TRUE,
cybersecurity training gov,CYBER_LAB_LEARNING,COMMERCIAL,MOFU,HIGH,MEDIUM,PILLAR_BLOG_PAGE,TRUE,
cybersecurity training hhs,CYBER_LAB_LEARNING,COMMERCIAL,MOFU,HIGH,MEDIUM,PILLAR_BLOG_PAGE,TRUE,
cybersecurity training nyc,CYBER_LAB_LEARNING,COMMERCIAL,MOFU,HIGH,MEDIUM,PILLAR_BLOG_PAGE,TRUE,
cybersecurity training roi,CYBER_LAB_LEARNING,COMMERCIAL,MOFU,HIGH,MEDIUM,PILLAR_BLOG_PAGE,TRUE,
cybersecurity training usa,CYBER_LAB_LEARNING,COMMERCIAL,MOFU,HIGH,MEDIUM,PILLAR_BLOG_PAGE,TRUE,
cybersecurity training uae,CYBER_LAB_LEARNING,COMMERCIAL,MOFU,HIGH,MEDIUM,PILLAR_BLOG_PAGE,TRUE,
cybersecurity course years,CYBERSECURITY_CAREER,INFORMATIONAL,TOFU,MEDIUM,MEDIUM,PILLAR_BLOG_PAGE,TRUE,
cybersecurity best course,CYBERSECURITY_CAREER,COMMERCIAL,MOFU,MEDIUM,MEDIUM,PILLAR_BLOG_PAGE,TRUE,
cybersecurity open source,CTF_PLATFORMS,INFORMATIONAL,MOFU,MEDIUM,HIGH,COMPARISON_PAGE,TRUE,
cybersecurity saas reddit,CTF_PLATFORMS,INFORMATIONAL,MOFU,MEDIUM,HIGH,COMPARISON_PAGE,TRUE,
cybersecurity course best,CYBERSECURITY_CAREER,INFORMATIONAL,TOFU,MEDIUM,MEDIUM,PILLAR_BLOG_PAGE,TRUE,
cybersecurity course cost,CYBERSECURITY_CAREER,COMMERCIAL,MOFU,MEDIUM,MEDIUM,PILLAR_BLOG_PAGE,TRUE,
cyber essentials training,CYBER_LAB_LEARNING,INFORMATIONAL,MOFU,HIGH,MEDIUM,PILLAR_BLOG_PAGE,TRUE,
cyber training government,CYBER_LAB_LEARNING,COMMERCIAL,BOFU,HIGH,MEDIUM,PILLAR_BLOG_PAGE,TRUE,
cyber leadership training,CYBER_LAB_LEARNING,COMMERCIAL,BOFU,HIGH,MEDIUM,PILLAR_BLOG_PAGE,TRUE,
cyber operations training,CYBER_LAB_LEARNING,COMMERCIAL,BOFU,HIGH,MEDIUM,PILLAR_BLOG_PAGE,TRUE,
cyber resilience training,CYBER_LAB_LEARNING,COMMERCIAL,BOFU,HIGH,MEDIUM,PILLAR_BLOG_PAGE,TRUE,
virtual labs cryptography,CYBER_LAB_SETUP,INFORMATIONAL,MOFU,HIGH,MEDIUM,PILLAR_BLOG_PAGE,TRUE,
cybersecurity full course,CYBERSECURITY_CAREER,INFORMATIONAL,TOFU,MEDIUM,MEDIUM,PILLAR_BLOG_PAGE,TRUE,
cybersecurity grc analyst,CYBERSECURITY_CAREER,INFORMATIONAL,TOFU,MEDIUM,MEDIUM,PILLAR_BLOG_PAGE,TRUE,
cybersecurity jobs remote,CYBERSECURITY_CAREER,INFORMATIONAL,TOFU,MEDIUM,MEDIUM,PILLAR_BLOG_PAGE,TRUE,
cybersecurity jobs canada,CYBERSECURITY_CAREER,INFORMATIONAL,TOFU,MEDIUM,MEDIUM,PILLAR_BLOG_PAGE,TRUE,
cybersecurity remote jobs,CYBERSECURITY_CAREER,INFORMATIONAL,TOFU,MEDIUM,MEDIUM,PILLAR_BLOG_PAGE,TRUE,
cyber security technician,CYBERSECURITY_CAREER,INFORMATIONAL,TOFU,MEDIUM,MEDIUM,PILLAR_BLOG_PAGE,TRUE,
simulation lab assessment,CYBER_LAB_LEARNING,INFORMATIONAL,MOFU,HIGH,MEDIUM,PILLAR_BLOG_PAGE,TRUE,
cybersecurity training bc,CYBER_LAB_LEARNING,INFORMATIONAL,TOFU,MEDIUM,MEDIUM,PILLAR_BLOG_PAGE,TRUE,
cybersecurity training nz,CYBER_LAB_LEARNING,INFORMATIONAL,TOFU,MEDIUM,MEDIUM,PILLAR_BLOG_PAGE,TRUE,
cybersecurity training nj,CYBER_LAB_LEARNING,INFORMATIONAL,TOFU,MEDIUM,MEDIUM,PILLAR_BLOG_PAGE,TRUE,
cybersecurity training uk,CYBER_LAB_LEARNING,INFORMATIONAL,TOFU,MEDIUM,MEDIUM,PILLAR_BLOG_PAGE,TRUE,
cybersecurity jobs egypt,CYBERSECURITY_CAREER,INFORMATIONAL,TOFU,MEDIUM,MEDIUM,PILLAR_BLOG_PAGE,TRUE,
cybersecurity price list,CYBER_LAB_REQUIREMENTS,COMMERCIAL,MOFU,MEDIUM,MEDIUM,PILLAR_BLOG_PAGE,TRUE,
cybersecurity saas ideas,CYBER_LAB_REQUIREMENTS,INFORMATIONAL,TOFU,MEDIUM,MEDIUM,PILLAR_BLOG_PAGE,TRUE,
cybersecurity saas sales,CYBER_LAB_REQUIREMENTS,COMMERCIAL,MOFU,MEDIUM,MEDIUM,PILLAR_BLOG_PAGE,TRUE,
cyber training awareness,CYBER_LAB_LEARNING,INFORMATIONAL,TOFU,MEDIUM,MEDIUM,PILLAR_BLOG_PAGE,TRUE,
cyber training battalion,CYBER_LAB_LEARNING,INFORMATIONAL,TOFU,MEDIUM,MEDIUM,PILLAR_BLOG_PAGE,TRUE,
cyber blueprint exercise,CYBER_LAB_LEARNING,INFORMATIONAL,TOFU,MEDIUM,MEDIUM,PILLAR_BLOG_PAGE,TRUE,
cyber diplomacy training,CYBER_LAB_LEARNING,INFORMATIONAL,TOFU,MEDIUM,MEDIUM,PILLAR_BLOG_PAGE,TRUE,
cyber detective training,CYBER_LAB_LEARNING,INFORMATIONAL,TOFU,MEDIUM,MEDIUM,PILLAR_BLOG_PAGE,TRUE,
cyber insurance training,CYBER_LAB_LEARNING,INFORMATIONAL,TOFU,MEDIUM,MEDIUM,PILLAR_BLOG_PAGE,TRUE,
cyber training providers,CTF_PLATFORMS,COMMERCIAL,MOFU,HIGH,HIGH,COMPARISON_PAGE,TRUE,
cyber workforce training,CYBERSECURITY_CAREER,COMMERCIAL,MOFU,HIGH,MEDIUM,PILLAR_BLOG_PAGE,TRUE,
cyber range architecture,CYBER_LAB_SETUP,INFORMATIONAL,TOFU,HIGH,MEDIUM,PILLAR_BLOG_PAGE,TRUE,
cyber ranges federations,CYBER_LAB_SETUP,INFORMATIONAL,TOFU,HIGH,MEDIUM,PILLAR_BLOG_PAGE,TRUE,
cyber range orchestrator,CYBER_LAB_SETUP,INFORMATIONAL,TOFU,HIGH,MEDIUM,PILLAR_BLOG_PAGE,TRUE,
cyber range requirements,CYBER_LAB_REQUIREMENTS,INFORMATIONAL,TOFU,HIGH,MEDIUM,PILLAR_BLOG_PAGE,TRUE,
lab equipment simulation,CYBER_LAB_SETUP,INFORMATIONAL,TOFU,MEDIUM,MEDIUM,PILLAR_BLOG_PAGE,TRUE,
cyber training software,CTF_PLATFORMS,COMMERCIAL,MOFU,HIGH,HIGH,CORE_PRODUCT_PAGE,TRUE,
cyber training platform,CTF_PLATFORMS,COMMERCIAL,MOFU,HIGH,HIGH,CORE_PRODUCT_PAGE,TRUE,
cyber exercise platform,CTF_PLATFORMS,COMMERCIAL,MOFU,HIGH,HIGH,CORE_PRODUCT_PAGE,TRUE,
cyber range alternative,CTF_PLATFORMS,COMMERCIAL,MOFU,HIGH,HIGH,COMPARISON_PAGE,TRUE,
virtual lab simulations,CYBER_LAB_SETUP,INFORMATIONAL,TOFU,MEDIUM,MEDIUM,PILLAR_BLOG_PAGE,TRUE,
cybersecurity best book,CYBERSECURITY_CAREER,INFORMATIONAL,TOFU,MEDIUM,MEDIUM,PILLAR_BLOG_PAGE,TRUE,
cybersecurity saas jobs,CYBERSECURITY_CAREER,INFORMATIONAL,TOFU,MEDIUM,MEDIUM,PILLAR_BLOG_PAGE,TRUE,
lab simulation software,CYBER_LAB_SETUP,COMMERCIAL,MOFU,MEDIUM,MEDIUM,PILLAR_BLOG_PAGE,TRUE,
cyber exercise playbook,CYBER_LAB_LEARNING,INFORMATIONAL,TOFU,MEDIUM,MEDIUM,PILLAR_BLOG_PAGE,TRUE,
cyber tabletop exercise,CYBER_LAB_LEARNING,INFORMATIONAL,TOFU,MEDIUM,MEDIUM,PILLAR_BLOG_PAGE,TRUE,
cyber training websites,CTF_PLATFORMS,COMMERCIAL,MOFU,HIGH,HIGH,COMPARISON_PAGE,TRUE,
virtual simulation jobs,CYBERSECURITY_CAREER,INFORMATIONAL,TOFU,MEDIUM,MEDIUM,PILLAR_BLOG_PAGE,TRUE,
virtual simulation room,CYBER_LAB_SETUP,INFORMATIONAL,TOFU,MEDIUM,MEDIUM,PILLAR_BLOG_PAGE,TRUE,
cyber range development,CYBER_LAB_SETUP,INFORMATIONAL,TOFU,HIGH,MEDIUM,PILLAR_BLOG_PAGE,TRUE,
cyber range environment,CYBER_LAB_SETUP,INFORMATIONAL,TOFU,HIGH,MEDIUM,PILLAR_BLOG_PAGE,TRUE,
cybersecurity job range,CYBERSECURITY_CAREER,INFORMATIONAL,TOFU,MEDIUM,MEDIUM,PILLAR_BLOG_PAGE,TRUE,
cyber range walkthrough,CYBER_LAB_LEARNING,INFORMATIONAL,TOFU,MEDIUM,MEDIUM,PILLAR_BLOG_PAGE,TRUE,
virtual labs definition,CYBER_LAB_SETUP,INFORMATIONAL,TOFU,MEDIUM,MEDIUM,PILLAR_BLOG_PAGE,TRUE,
cybersecurity in arabic,CYBER_LAB_LEARNING,INFORMATIONAL,TOFU,MEDIUM,MEDIUM,PILLAR_BLOG_PAGE,TRUE,
simulation lab benefits,CYBER_LAB_SETUP,INFORMATIONAL,TOFU,MEDIUM,MEDIUM,PILLAR_BLOG_PAGE,TRUE,
lab exchange simulation,CYBER_LAB_SETUP,INFORMATIONAL,TOFU,MEDIUM,MEDIUM,PILLAR_BLOG_PAGE,TRUE,
simulation lab examples,CYBER_LAB_SETUP,INFORMATIONAL,TOFU,MEDIUM,MEDIUM,PILLAR_BLOG_PAGE,TRUE,
simulation lab research,CYBER_LAB_SETUP,INFORMATIONAL,TOFU,MEDIUM,MEDIUM,PILLAR_BLOG_PAGE,TRUE,
simulation lab training,CYBER_LAB_LEARNING,INFORMATIONAL,TOFU,MEDIUM,MEDIUM,PILLAR_BLOG_PAGE,TRUE,
hackthebox ctf hosting,CTF_PLATFORMS,COMMERCIAL,MOFU,HIGH,HIGH,COMPARISON_PAGE,TRUE,
online lab simulations,CYBER_LAB_SETUP,INFORMATIONAL,TOFU,HIGH,MEDIUM,PILLAR_BLOG_PAGE,TRUE,
security training room,CYBER_LAB_SETUP,INFORMATIONAL,TOFU,HIGH,MEDIUM,PILLAR_BLOG_PAGE,TRUE,
lab simulations online,CYBER_LAB_SETUP,INFORMATIONAL,TOFU,HIGH,MEDIUM,PILLAR_BLOG_PAGE,TRUE,
cyber training academy,CYBERSECURITY_CAREER,INFORMATIONAL,TOFU,MEDIUM,MEDIUM,PILLAR_BLOG_PAGE,TRUE,
cyber training courses,CYBERSECURITY_CAREER,COMMERCIAL,MOFU,MEDIUM,MEDIUM,PILLAR_BLOG_PAGE,TRUE,
cyber defense training,CYBERSECURITY_CAREER,COMMERCIAL,MOFU,HIGH,MEDIUM,PILLAR_BLOG_PAGE,TRUE,
cyber hygiene training,CYBERSECURITY_CAREER,INFORMATIONAL,TOFU,MEDIUM,MEDIUM,PILLAR_BLOG_PAGE,TRUE,
cyber training manager,CYBERSECURITY_CAREER,INFORMATIONAL,TOFU,HIGH,MEDIUM,PILLAR_BLOG_PAGE,TRUE,
cyber officer training,CYBERSECURITY_CAREER,INFORMATIONAL,TOFU,HIGH,MEDIUM,PILLAR_BLOG_PAGE,TRUE,
cyber training program,CYBERSECURITY_CAREER,COMMERCIAL,MOFU,HIGH,MEDIUM,PILLAR_BLOG_PAGE,TRUE,
cyber training roadmap,CYBERSECURITY_CAREER,INFORMATIONAL,TOFU,MEDIUM,MEDIUM,PILLAR_BLOG_PAGE,TRUE,
cyber training schools,CYBERSECURITY_CAREER,INFORMATIONAL,TOFU,MEDIUM,MEDIUM,PILLAR_BLOG_PAGE,TRUE,
cyber warfare training,CYBERSECURITY_CAREER,COMMERCIAL,MOFU,HIGH,MEDIUM,PILLAR_BLOG_PAGE,TRUE,
virtual simulation kit,CYBER_LAB_SETUP,INFORMATIONAL,TOFU,MEDIUM,MEDIUM,PILLAR_BLOG_PAGE,TRUE,
virtual simulation lab,CYBER_LAB_SETUP,INFORMATIONAL,TOFU,HIGH,MEDIUM,PILLAR_BLOG_PAGE,TRUE,
cyber range automation,CYBER_LAB_SETUP,INFORMATIONAL,TOFU,HIGH,MEDIUM,PILLAR_BLOG_PAGE,TRUE,
cyber range framework,CYBER_LAB_SETUP,INFORMATIONAL,TOFU,HIGH,MEDIUM,PILLAR_BLOG_PAGE,TRUE,
cyber range internship,CYBERSECURITY_CAREER,INFORMATIONAL,TOFU,MEDIUM,MEDIUM,PILLAR_BLOG_PAGE,TRUE,
cyber range laboratory,CYBER_LAB_SETUP,INFORMATIONAL,TOFU,HIGH,MEDIUM,PILLAR_BLOG_PAGE,TRUE,
cyber range technology,CYBER_LAB_SETUP,INFORMATIONAL,TOFU,HIGH,MEDIUM,PILLAR_BLOG_PAGE,TRUE,
cyber range university,CTF_PLATFORMS,COMMERCIAL,MOFU,HIGH,HIGH,CORE_PRODUCT_PAGE,TRUE,
virtual labs simulator,CYBER_LAB_SETUP,INFORMATIONAL,TOFU,MEDIUM,MEDIUM,PILLAR_BLOG_PAGE,TRUE,
cybersecurity grc jobs,CYBERSECURITY_CAREER,INFORMATIONAL,TOFU,MEDIUM,MEDIUM,PILLAR_BLOG_PAGE,TRUE,
cybersecurity in egypt,CYBERSECURITY_CAREER,INFORMATIONAL,TOFU,MEDIUM,MEDIUM,PILLAR_BLOG_PAGE,TRUE,
cybersecurity zero day,CYBER_LAB_LEARNING,INFORMATIONAL,TOFU,MEDIUM,MEDIUM,PILLAR_BLOG_PAGE,TRUE,
simulation lab company,CTF_PLATFORMS,COMMERCIAL,MOFU,HIGH,HIGH,CORE_PRODUCT_PAGE,TRUE,
simulation lab careers,CYBERSECURITY_CAREER,INFORMATIONAL,TOFU,MEDIUM,MEDIUM,PILLAR_BLOG_PAGE,TRUE,
lab simulation meaning,CYBER_LAB_SETUP,INFORMATIONAL,TOFU,MEDIUM,MEDIUM,PILLAR_BLOG_PAGE,TRUE,
simulation lab manager,CYBERSECURITY_CAREER,INFORMATIONAL,TOFU,MEDIUM,MEDIUM,PILLAR_BLOG_PAGE,TRUE,
simulation lab reviews,CTF_PLATFORMS,COMMERCIAL,MOFU,HIGH,HIGH,COMPARISON_PAGE,TRUE,
lab simulation website,CTF_PLATFORMS,COMMERCIAL,MOFU,HIGH,HIGH,CORE_PRODUCT_PAGE,TRUE,
cybersecurity in games,CYBER_LAB_LEARNING,INFORMATIONAL,TOFU,MEDIUM,MEDIUM,PILLAR_BLOG_PAGE,TRUE,
cybersecurity pc games,CYBER_LAB_LEARNING,INFORMATIONAL,TOFU,MEDIUM,MEDIUM,PILLAR_BLOG_PAGE,TRUE,
cybersecurity games uk,CYBER_LAB_LEARNING,INFORMATIONAL,TOFU,MEDIUM,MEDIUM,PILLAR_BLOG_PAGE,TRUE,
cybersecurity vr games,CYBER_LAB_LEARNING,INFORMATIONAL,TOFU,MEDIUM,MEDIUM,PILLAR_BLOG_PAGE,TRUE,
drills cyber security,CYBER_LAB_LEARNING,INFORMATIONAL,TOFU,MEDIUM,MEDIUM,PILLAR_BLOG_PAGE,TRUE,
cyber ranges platform,CTF_PLATFORMS,COMMERCIAL,MOFU,HIGH,HIGH,CORE_PRODUCT_PAGE,TRUE,
virtual labs software,CTF_PLATFORMS,COMMERCIAL,MOFU,HIGH,HIGH,CORE_PRODUCT_PAGE,TRUE,
virtual labs platform,CTF_PLATFORMS,COMMERCIAL,MOFU,HIGH,HIGH,CORE_PRODUCT_PAGE,TRUE,
tryhackme ctf hosting,CTF_PLATFORMS,COMMERCIAL,MOFU,HIGH,HIGH,COMPARISON_PAGE,TRUE,
cyber training center,CYBER_LAB_LEARNING,COMMERCIAL,MOFU,MEDIUM,MEDIUM,PILLAR_BLOG_PAGE,TRUE,
cyber drill exercises,CTF_BASICS,INFORMATIONAL,TOFU,HIGH,MEDIUM,PILLAR_BLOG_PAGE,TRUE,
cyber training expert,CYBERSECURITY_CAREER,INFORMATIONAL,TOFU,MEDIUM,MEDIUM,PILLAR_BLOG_PAGE,TRUE,
cyber humint training,CYBER_LAB_LEARNING,INFORMATIONAL,TOFU,MEDIUM,MEDIUM,PILLAR_BLOG_PAGE,TRUE,
cyber training online,CYBER_LAB_LEARNING,COMMERCIAL,MOFU,MEDIUM,MEDIUM,PILLAR_BLOG_PAGE,TRUE,
cyber pandemic drills,CTF_BASICS,INFORMATIONAL,TOFU,HIGH,MEDIUM,PILLAR_BLOG_PAGE,TRUE,
cyber training portal,CTF_PLATFORMS,COMMERCIAL,MOFU,HIGH,HIGH,CORE_PRODUCT_PAGE,TRUE,
cyber drill scenarios,CTF_BASICS,INFORMATIONAL,TOFU,HIGH,MEDIUM,PILLAR_BLOG_PAGE,TRUE,
cyber security drills,CTF_BASICS,INFORMATIONAL,TOFU,HIGH,MEDIUM,PILLAR_BLOG_PAGE,TRUE,
cyber triage training,CYBER_LAB_LEARNING,INFORMATIONAL,TOFU,MEDIUM,MEDIUM,PILLAR_BLOG_PAGE,TRUE,
cyber threat training,CYBER_LAB_LEARNING,INFORMATIONAL,TOFU,MEDIUM,MEDIUM,PILLAR_BLOG_PAGE,TRUE,
cyber training videos,CYBER_LAB_LEARNING,INFORMATIONAL,TOFU,MEDIUM,MEDIUM,PILLAR_BLOG_PAGE,TRUE,
cyber range community,CTF_PLATFORMS,INFORMATIONAL,TOFU,MEDIUM,HIGH,CORE_PRODUCT_PAGE,TRUE,
cyber range providers,CTF_PLATFORMS,COMMERCIAL,MOFU,HIGH,HIGH,COMPARISON_PAGE,TRUE,
cyber range solutions,CTF_PLATFORMS,COMMERCIAL,MOFU,HIGH,HIGH,CORE_PRODUCT_PAGE,TRUE,
cyber ranges training,CTF_PLATFORMS,COMMERCIAL,MOFU,HIGH,HIGH,CORE_PRODUCT_PAGE,TRUE,
cyber security expert,CYBERSECURITY_CAREER,INFORMATIONAL,TOFU,MEDIUM,MEDIUM,PILLAR_BLOG_PAGE,TRUE,
simulation lab design,CYBER_LAB_SETUP,INFORMATIONAL,TOFU,MEDIUM,MEDIUM,PILLAR_BLOG_PAGE,TRUE,
cyber drill platform,CTF_PLATFORMS,COMMERCIAL,MOFU,HIGH,HIGH,CORE_PRODUCT_PAGE,TRUE,
cyber ranges company,CTF_PLATFORMS,COMMERCIAL,MOFU,HIGH,HIGH,CORE_PRODUCT_PAGE,TRUE,
cyber ranges careers,CYBERSECURITY_CAREER,INFORMATIONAL,TOFU,MEDIUM,MEDIUM,PILLAR_BLOG_PAGE,TRUE,
cyber ranges pricing,CTF_PLATFORMS,COMMERCIAL,BOFU,HIGH,HIGH,CORE_PRODUCT_PAGE,TRUE,
cyber range software,CTF_PLATFORMS,COMMERCIAL,MOFU,HIGH,HIGH,CORE_PRODUCT_PAGE,TRUE,
virtual lab features,CYBER_LAB_SETUP,INFORMATIONAL,TOFU,MEDIUM,MEDIUM,PILLAR_BLOG_PAGE,TRUE,
ctf hosting platform,CTF_HOSTING,COMMERCIAL,MOFU,HIGH,HIGH,USE_CASE_PAGE,TRUE,
ctfd hosting website,CTF_HOSTING,COMMERCIAL,MOFU,HIGH,HIGH,USE_CASE_PAGE,TRUE,
simulation lab price,CYBER_LAB_SETUP,COMMERCIAL,BOFU,MEDIUM,MEDIUM,PILLAR_BLOG_PAGE,TRUE,
simulation lab setup,CYBER_LAB_SETUP,INFORMATIONAL,TOFU,MEDIUM,MEDIUM,PILLAR_BLOG_PAGE,TRUE,
alternatives to ctfd,CTF_PLATFORMS,COMMERCIAL,MOFU,HIGH,HIGH,COMPARISON_PAGE,TRUE,
cyber crime training,CYBER_LAB_LEARNING,INFORMATIONAL,TOFU,MEDIUM,MEDIUM,PILLAR_BLOG_PAGE,TRUE,
cyber guard exercise,CYBER_LAB_LEARNING,INFORMATIONAL,TOFU,MEDIUM,MEDIUM,PILLAR_BLOG_PAGE,TRUE,
cyber guard training,CYBER_LAB_LEARNING,INFORMATIONAL,TOFU,MEDIUM,MEDIUM,PILLAR_BLOG_PAGE,TRUE,
cyber intel training,CYBER_LAB_LEARNING,INFORMATIONAL,TOFU,MEDIUM,MEDIUM,PILLAR_BLOG_PAGE,TRUE,
cyber ninja training,CYBER_LAB_LEARNING,INFORMATIONAL,TOFU,MEDIUM,MEDIUM,PILLAR_BLOG_PAGE,TRUE,
cyber osint training,CYBER_LAB_LEARNING,INFORMATIONAL,TOFU,MEDIUM,MEDIUM,PILLAR_BLOG_PAGE,TRUE,
cyber training range,CYBER_LAB_LEARNING,INFORMATIONAL,TOFU,MEDIUM,MEDIUM,PILLAR_BLOG_PAGE,TRUE,
cyber range exercise,CYBER_LAB_LEARNING,INFORMATIONAL,TOFU,MEDIUM,MEDIUM,PILLAR_BLOG_PAGE,TRUE,
cyber unity exercise,CYBER_LAB_LEARNING,INFORMATIONAL,TOFU,MEDIUM,MEDIUM,PILLAR_BLOG_PAGE,TRUE,
virtual simulator pc,CYBER_LAB_SETUP,INFORMATIONAL,TOFU,MEDIUM,MEDIUM,PILLAR_BLOG_PAGE,TRUE,
cyber range engineer,CYBERSECURITY_CAREER,INFORMATIONAL,TOFU,MEDIUM,MEDIUM,PILLAR_BLOG_PAGE,TRUE,
cyber range facility,CYBER_LAB_SETUP,INFORMATIONAL,TOFU,HIGH,MEDIUM,PILLAR_BLOG_PAGE,TRUE,
cyber range hardware,CYBER_LAB_REQUIREMENTS,INFORMATIONAL,TOFU,HIGH,MEDIUM,PILLAR_BLOG_PAGE,TRUE,
cyber range workshop,CYBER_LAB_LEARNING,INFORMATIONAL,TOFU,HIGH,MEDIUM,PILLAR_BLOG_PAGE,TRUE,
virtual labs careers,CYBERSECURITY_CAREER,INFORMATIONAL,TOFU,MEDIUM,MEDIUM,PILLAR_BLOG_PAGE,TRUE,
virtual labs website,CYBER_LAB_SETUP,INFORMATIONAL,TOFU,MEDIUM,MEDIUM,PILLAR_BLOG_PAGE,TRUE,
simulation lab rules,CYBER_LAB_SETUP,INFORMATIONAL,TOFU,MEDIUM,MEDIUM,PILLAR_BLOG_PAGE,TRUE,
cyber range reviews,CTF_PLATFORMS,COMMERCIAL,MOFU,HIGH,HIGH,COMPARISON_PAGE,TRUE,
cyber level meaning,CYBERSECURITY_CAREER,INFORMATIONAL,TOFU,MEDIUM,MEDIUM,PILLAR_BLOG_PAGE,TRUE,
cyber ranges review,CTF_PLATFORMS,COMMERCIAL,MOFU,HIGH,HIGH,COMPARISON_PAGE,TRUE,
virtual lab example,CYBER_LAB_SETUP,INFORMATIONAL,TOFU,MEDIUM,MEDIUM,PILLAR_BLOG_PAGE,TRUE,
cybersecurity vs ai,CYBERSECURITY_CAREER,INFORMATIONAL,TOFU,MEDIUM,MEDIUM,PILLAR_BLOG_PAGE,TRUE,
cybersecurity vs it,CYBERSECURITY_CAREER,INFORMATIONAL,TOFU,MEDIUM,MEDIUM,PILLAR_BLOG_PAGE,TRUE,
cyber training jobs,CYBERSECURITY_CAREER,INFORMATIONAL,TOFU,MEDIUM,MEDIUM,PILLAR_BLOG_PAGE,TRUE,
cyber exercise jobs,CYBERSECURITY_CAREER,INFORMATIONAL,TOFU,MEDIUM,MEDIUM,PILLAR_BLOG_PAGE,TRUE,
cyber training labs,CYBER_LAB_SETUP,INFORMATIONAL,TOFU,MEDIUM,MEDIUM,PILLAR_BLOG_PAGE,TRUE,
cyber drill machine,CYBER_LAB_REQUIREMENTS,INFORMATIONAL,TOFU,MEDIUM,MEDIUM,PILLAR_BLOG_PAGE,TRUE,
cyber risk training,CYBER_LAB_LEARNING,INFORMATIONAL,TOFU,MEDIUM,MEDIUM,PILLAR_BLOG_PAGE,TRUE,
cyber tech training,CYBER_LAB_LEARNING,INFORMATIONAL,TOFU,MEDIUM,MEDIUM,PILLAR_BLOG_PAGE,TRUE,
cyber training unit,CYBER_LAB_SETUP,INFORMATIONAL,TOFU,MEDIUM,MEDIUM,PILLAR_BLOG_PAGE,TRUE,
cyber range academy,CTF_PLATFORMS,COMMERCIAL,MOFU,HIGH,HIGH,CORE_PRODUCT_PAGE,TRUE,
cyber ranges github,CTF_PLATFORMS,COMMERCIAL,MOFU,HIGH,HIGH,COMPARISON_PAGE,TRUE,
cyber range manager,CTF_PLATFORMS,COMMERCIAL,MOFU,HIGH,HIGH,CORE_PRODUCT_PAGE,TRUE,
cyber range network,CTF_PLATFORMS,INFORMATIONAL,TOFU,HIGH,HIGH,CORE_PRODUCT_PAGE,TRUE,
cyber range product,CTF_PLATFORMS,COMMERCIAL,MOFU,HIGH,HIGH,CORE_PRODUCT_PAGE,TRUE,
cyber ranges reddit,CTF_PLATFORMS,INFORMATIONAL,TOFU,MEDIUM,HIGH,CORE_PRODUCT_PAGE,TRUE,
cyber range vendors,CTF_PLATFORMS,COMMERCIAL,MOFU,HIGH,HIGH,COMPARISON_PAGE,TRUE,
cyber range website,CTF_PLATFORMS,NAVIGATIONAL,TOFU,HIGH,HIGH,CORE_PRODUCT_PAGE,TRUE,
cyber warfare range,CTF_PLATFORMS,INFORMATIONAL,TOFU,HIGH,HIGH,CORE_PRODUCT_PAGE,TRUE,
cyber range youtube,CTF_PLATFORMS,INFORMATIONAL,TOFU,MEDIUM,HIGH,CORE_PRODUCT_PAGE,TRUE,
virtual labs github,CTF_PLATFORMS,INFORMATIONAL,TOFU,MEDIUM,HIGH,COMPARISON_PAGE,TRUE,
virtual labs online,CTF_PLATFORMS,COMMERCIAL,MOFU,HIGH,HIGH,CORE_PRODUCT_PAGE,TRUE,
virtual labs review,CTF_PLATFORMS,COMMERCIAL,MOFU,HIGH,HIGH,COMPARISON_PAGE,TRUE,
virtual labs reddit,CTF_PLATFORMS,INFORMATIONAL,TOFU,MEDIUM,HIGH,CORE_PRODUCT_PAGE,TRUE,
virtual lab youtube,CTF_PLATFORMS,INFORMATIONAL,TOFU,MEDIUM,HIGH,CORE_PRODUCT_PAGE,TRUE,
lab simulation jobs,CYBERSECURITY_CAREER,INFORMATIONAL,TOFU,MEDIUM,MEDIUM,PILLAR_BLOG_PAGE,TRUE,
simulation lab tech,CYBER_LAB_SETUP,INFORMATIONAL,TOFU,MEDIUM,MEDIUM,PILLAR_BLOG_PAGE,TRUE,
simulation lab test,CYBER_LAB_SETUP,INFORMATIONAL,TOFU,MEDIUM,MEDIUM,PILLAR_BLOG_PAGE,TRUE,
simulation lab uses,CYBER_LAB_SETUP,INFORMATIONAL,TOFU,MEDIUM,MEDIUM,PILLAR_BLOG_PAGE,TRUE,
online cyber range,CTF_PLATFORMS,COMMERCIAL,MOFU,HIGH,HIGH,CORE_PRODUCT_PAGE,TRUE,
cyber ranges login,CTF_PLATFORMS,NAVIGATIONAL,BOFU,HIGH,HIGH,CORE_PRODUCT_PAGE,TRUE,
cyber ranges kenya,CTF_PLATFORMS,COMMERCIAL,MOFU,HIGH,HIGH,CORE_PRODUCT_PAGE,TRUE,
cyber ranges price,CTF_PLATFORMS,TRANSACTIONAL,BOFU,HIGH,HIGH,CORE_PRODUCT_PAGE,TRUE,
israel cyber range,CTF_PLATFORMS,COMMERCIAL,MOFU,HIGH,HIGH,CORE_PRODUCT_PAGE,TRUE,
virtual labs means,CYBER_LAB_SETUP,INFORMATIONAL,TOFU,MEDIUM,MEDIUM,PILLAR_BLOG_PAGE,TRUE,
cyber training dod,CYBER_LAB_LEARNING,COMMERCIAL,MOFU,HIGH,MEDIUM,PILLAR_BLOG_PAGE,TRUE,
cyber training gov,CYBER_LAB_LEARNING,COMMERCIAL,MOFU,HIGH,MEDIUM,PILLAR_BLOG_PAGE,TRUE,
cyber grc training,CYBER_LAB_LEARNING,COMMERCIAL,MOFU,HIGH,MEDIUM,PILLAR_BLOG_PAGE,TRUE,
cyber ops training,CYBER_LAB_LEARNING,INFORMATIONAL,TOFU,MEDIUM,MEDIUM,PILLAR_BLOG_PAGE,TRUE,
cyber training pro,CYBER_LAB_LEARNING,COMMERCIAL,MOFU,MEDIUM,MEDIUM,PILLAR_BLOG_PAGE,TRUE,
cyber drill report,CYBER_LAB_LEARNING,INFORMATIONAL,TOFU,MEDIUM,MEDIUM,PILLAR_BLOG_PAGE,TRUE,
cyber range access,CTF_PLATFORMS,COMMERCIAL,MOFU,HIGH,HIGH,CORE_PRODUCT_PAGE,TRUE,
cyber range design,CYBER_LAB_SETUP,INFORMATIONAL,TOFU,HIGH,MEDIUM,PILLAR_BLOG_PAGE,TRUE,
cyber range docker,CYBER_LAB_SETUP,INFORMATIONAL,TOFU,HIGH,MEDIUM,PILLAR_BLOG_PAGE,TRUE,
cyber range market,CTF_PLATFORMS,COMMERCIAL,MOFU,HIGH,HIGH,CORE_PRODUCT_PAGE,TRUE,
cyber range online,CTF_PLATFORMS,INFORMATIONAL,TOFU,HIGH,HIGH,CORE_PRODUCT_PAGE,TRUE,
lab simulation app,CYBER_LAB_SETUP,INFORMATIONAL,TOFU,MEDIUM,MEDIUM,PILLAR_BLOG_PAGE,TRUE,
lab simulator game,CYBER_LAB_SETUP,INFORMATIONAL,TOFU,MEDIUM,MEDIUM,PILLAR_BLOG_PAGE,TRUE,
lab work simulator,CYBER_LAB_SETUP,INFORMATIONAL,TOFU,MEDIUM,MEDIUM,PILLAR_BLOG_PAGE,TRUE,
hands off teaching,CYBER_LAB_LEARNING,INFORMATIONAL,TOFU,MEDIUM,MEDIUM,PILLAR_BLOG_PAGE,TRUE,
best cyber ranges,CTF_PLATFORMS,COMMERCIAL,MOFU,HIGH,HIGH,COMPARISON_PAGE,TRUE,
cyber range tools,CYBER_LAB_REQUIREMENTS,INFORMATIONAL,TOFU,MEDIUM,MEDIUM,PILLAR_BLOG_PAGE,TRUE,
best virtual labs,CTF_PLATFORMS,COMMERCIAL,MOFU,HIGH,HIGH,COMPARISON_PAGE,TRUE,
virtual lab price,CTF_PLATFORMS,TRANSACTIONAL,BOFU,HIGH,HIGH,CORE_PRODUCT_PAGE,TRUE,
cyber drill event,CTF_HOSTING,COMMERCIAL,MOFU,HIGH,HIGH,USE_CASE_PAGE,TRUE,
cyber it training,CYBER_LAB_LEARNING,INFORMATIONAL,TOFU,MEDIUM,MEDIUM,PILLAR_BLOG_PAGE,TRUE,
cyber ot training,CYBER_LAB_LEARNING,INFORMATIONAL,TOFU,MEDIUM,MEDIUM,PILLAR_BLOG_PAGE,TRUE,
cyber drill qatar,CTF_HOSTING,COMMERCIAL,MOFU,HIGH,HIGH,USE_CASE_PAGE,TRUE,
cyber range drill,CTF_HOSTING,COMMERCIAL,MOFU,HIGH,HIGH,USE_CASE_PAGE,TRUE,
cyber training uk,CYBER_LAB_LEARNING,COMMERCIAL,MOFU,MEDIUM,MEDIUM,PILLAR_BLOG_PAGE,TRUE,
cyber range event,CTF_HOSTING,COMMERCIAL,MOFU,HIGH,HIGH,USE_CASE_PAGE,TRUE,
cyber ranges free,CTF_PLATFORMS,COMMERCIAL,MOFU,HIGH,HIGH,COMPARISON_PAGE,TRUE,
cyber range guide,CTF_BASICS,INFORMATIONAL,TOFU,MEDIUM,MEDIUM,PILLAR_BLOG_PAGE,TRUE,
cyber range india,CTF_HOSTING,COMMERCIAL,MOFU,HIGH,HIGH,USE_CASE_PAGE,TRUE,
cyber ranges jobs,CYBERSECURITY_CAREER,INFORMATIONAL,TOFU,MEDIUM,MEDIUM,PILLAR_BLOG_PAGE,TRUE,
virtual labs jobs,CYBERSECURITY_CAREER,INFORMATIONAL,TOFU,MEDIUM,MEDIUM,PILLAR_BLOG_PAGE,TRUE,
virtual labs tech,CYBER_LAB_SETUP,INFORMATIONAL,TOFU,MEDIUM,MEDIUM,PILLAR_BLOG_PAGE,TRUE,
cyber security uk,CYBERSECURITY_CAREER,INFORMATIONAL,TOFU,MEDIUM,MEDIUM,PILLAR_BLOG_PAGE,TRUE,
simulation lab ai,CYBER_LAB_SETUP,INFORMATIONAL,TOFU,MEDIUM,MEDIUM,PILLAR_BLOG_PAGE,TRUE,
simulation lab in,CYBER_LAB_SETUP,INFORMATIONAL,TOFU,MEDIUM,MEDIUM,PILLAR_BLOG_PAGE,TRUE,
cyber range cost,CTF_PLATFORMS,COMMERCIAL,BOFU,HIGH,HIGH,CORE_PRODUCT_PAGE,TRUE,
cyber best deals,CTF_PLATFORMS,COMMERCIAL,BOFU,HIGH,HIGH,CORE_PRODUCT_PAGE,TRUE,
cyber range demo,CTF_PLATFORMS,TRANSACTIONAL,BOFU,HIGH,HIGH,CORE_PRODUCT_PAGE,TRUE,
cyber range saas,CTF_PLATFORMS,COMMERCIAL,MOFU,HIGH,HIGH,CORE_PRODUCT_PAGE,TRUE,
virtual lab demo,CTF_PLATFORMS,COMMERCIAL,MOFU,HIGH,HIGH,CORE_PRODUCT_PAGE,TRUE,
free ctf hosting,CTF_HOSTING,COMMERCIAL,MOFU,HIGH,HIGH,USE_CASE_PAGE,TRUE,
cyber ranges ctf,CTF_PLATFORMS,COMMERCIAL,MOFU,HIGH,HIGH,CORE_PRODUCT_PAGE,TRUE,
cyber range kali,CYBER_LAB_SETUP,INFORMATIONAL,TOFU,MEDIUM,MEDIUM,PILLAR_BLOG_PAGE,TRUE,
cyber war drill,CYBER_LAB_LEARNING,INFORMATIONAL,MOFU,MEDIUM,MEDIUM,PILLAR_BLOG_PAGE,TRUE,
cyber range lab,CYBER_LAB_SETUP,INFORMATIONAL,MOFU,HIGH,MEDIUM,PILLAR_BLOG_PAGE,TRUE,
cyber range rfp,CYBER_LAB_REQUIREMENTS,COMMERCIAL,BOFU,HIGH,MEDIUM,PILLAR_BLOG_PAGE,TRUE,
cyber ranges uk,CYBER_LAB_SETUP,INFORMATIONAL,MOFU,HIGH,MEDIUM,PILLAR_BLOG_PAGE,TRUE,
cyber range usa,CYBER_LAB_SETUP,INFORMATIONAL,MOFU,HIGH,MEDIUM,PILLAR_BLOG_PAGE,TRUE,
cyber range vpn,CYBER_LAB_REQUIREMENTS,INFORMATIONAL,MOFU,HIGH,MEDIUM,PILLAR_BLOG_PAGE,TRUE,
ctf self hosted,CTF_HOSTING,COMMERCIAL,MOFU,HIGH,HIGH,USE_CASE_PAGE,TRUE,
hosting a ctf,CTF_HOSTING,TRANSACTIONAL,BOFU,HIGH,HIGH,USE_CASE_PAGE,TRUE,
cost of labs,CYBER_LAB_REQUIREMENTS,COMMERCIAL,MOFU,MEDIUM,MEDIUM,PILLAR_BLOG_PAGE,TRUE,
cybersecurity platform.companies,CTF_PLATFORMS,COMMERCIAL,MOFU,HIGH,HIGH,COMPARISON_PAGE,TRUE,
cybersecurity certifications,CYBERSECURITY_CAREER,INFORMATIONAL,TOFU,MEDIUM,MEDIUM,PILLAR_BLOG_PAGE,TRUE,
cybersecurity apprenticeship,CYBERSECURITY_CAREER,INFORMATIONAL,TOFU,MEDIUM,MEDIUM,PILLAR_BLOG_PAGE,TRUE,
cybersecurity qualifications,CYBERSECURITY_CAREER,INFORMATIONAL,TOFU,MEDIUM,MEDIUM,PILLAR_BLOG_PAGE,TRUE,
cybersecurity organizations,CYBERSECURITY_CAREER,INFORMATIONAL,TOFU,MEDIUM,MEDIUM,PILLAR_BLOG_PAGE,TRUE,
cybersecurity demographics,CYBERSECURITY_CAREER,INFORMATIONAL,TOFU,MEDIUM,MEDIUM,PILLAR_BLOG_PAGE,TRUE,
cybersecurity alternatives,CTF_PLATFORMS,COMMERCIAL,MOFU,HIGH,HIGH,COMPARISON_PAGE,TRUE,
cybersecurity professional,CYBERSECURITY_CAREER,INFORMATIONAL,TOFU,MEDIUM,MEDIUM,PILLAR_BLOG_PAGE,TRUE,
cybersecurity scholarships,CYBERSECURITY_CAREER,INFORMATIONAL,TOFU,MEDIUM,MEDIUM,PILLAR_BLOG_PAGE,TRUE,
cybersecurity technologies,CYBER_LAB_REQUIREMENTS,INFORMATIONAL,TOFU,MEDIUM,MEDIUM,PILLAR_BLOG_PAGE,TRUE,
cybersecurity internships,CYBERSECURITY_CAREER,INFORMATIONAL,TOFU,MEDIUM,MEDIUM,PILLAR_BLOG_PAGE,TRUE,
cybersecurity simulations,CTF_PLATFORMS,COMMERCIAL,MOFU,HIGH,HIGH,CORE_PRODUCT_PAGE,TRUE,
cybersecurity learnership,CYBERSECURITY_CAREER,INFORMATIONAL,TOFU,MEDIUM,MEDIUM,PILLAR_BLOG_PAGE,TRUE,
cybersecurity comparison,CTF_PLATFORMS,COMMERCIAL,MOFU,HIGH,HIGH,COMPARISON_PAGE,TRUE,
cybersecurity background,CYBERSECURITY_CAREER,INFORMATIONAL,TOFU,MEDIUM,MEDIUM,PILLAR_BLOG_PAGE,TRUE,
cybersecurity consultant,CYBERSECURITY_CAREER,INFORMATIONAL,TOFU,MEDIUM,MEDIUM,PILLAR_BLOG_PAGE,TRUE,
cybersecurity operations,SOC_AND_INTERVIEW,INFORMATIONAL,TOFU,HIGH,MEDIUM,PILLAR_BLOG_PAGE,TRUE,
cybersecurity specialist,CYBERSECURITY_CAREER,INFORMATIONAL,TOFU,MEDIUM,MEDIUM,PILLAR_BLOG_PAGE,TRUE,
cybersecurity utbildning,CYBERSECURITY_CAREER,INFORMATIONAL,TOFU,MEDIUM,MEDIUM,PILLAR_BLOG_PAGE,TRUE,
cybersecurity platforms,CTF_PLATFORMS,COMMERCIAL,MOFU,HIGH,HIGH,CORE_PRODUCT_PAGE,TRUE,
cybersecurity opleiding,CYBERSECURITY_CAREER,INFORMATIONAL,TOFU,MEDIUM,MEDIUM,PILLAR_BLOG_PAGE,TRUE,
cybersecurity vacancies,CYBERSECURITY_CAREER,INFORMATIONAL,TOFU,MEDIUM,MEDIUM,PILLAR_BLOG_PAGE,TRUE,
cybersecurity engineer,CYBERSECURITY_CAREER,INFORMATIONAL,TOFU,MEDIUM,MEDIUM,PILLAR_BLOG_PAGE,TRUE,
cybersecurity features,CTF_PLATFORMS,COMMERCIAL,MOFU,HIGH,HIGH,CORE_PRODUCT_PAGE,TRUE,
cybersecurity bootcamp,CYBERSECURITY_CAREER,INFORMATIONAL,TOFU,MEDIUM,MEDIUM,PILLAR_BLOG_PAGE,TRUE,
cybersecurity learning,CYBER_LAB_LEARNING,INFORMATIONAL,TOFU,MEDIUM,MEDIUM,PILLAR_BLOG_PAGE,TRUE,
cybersecurity programs,CYBERSECURITY_CAREER,INFORMATIONAL,TOFU,MEDIUM,MEDIUM,PILLAR_BLOG_PAGE,TRUE,
cybersecurity webinars,CYBER_LAB_LEARNING,INFORMATIONAL,TOFU,MEDIUM,MEDIUM,PILLAR_BLOG_PAGE,TRUE,
cybersecurity roadmap,CYBERSECURITY_CAREER,INFORMATIONAL,TOFU,MEDIUM,MEDIUM,PILLAR_BLOG_PAGE,TRUE,
cybersecurity courses,CYBERSECURITY_CAREER,INFORMATIONAL,TOFU,MEDIUM,MEDIUM,PILLAR_BLOG_PAGE,TRUE,
cybersecurity analyst,SOC_AND_INTERVIEW,INFORMATIONAL,TOFU,MEDIUM,MEDIUM,PILLAR_BLOG_PAGE,TRUE,
cybersecurity careers,CYBERSECURITY_CAREER,INFORMATIONAL,TOFU,MEDIUM,MEDIUM,PILLAR_BLOG_PAGE,TRUE,
cybersecurity masters,CYBERSECURITY_CAREER,INFORMATIONAL,TOFU,MEDIUM,MEDIUM,PILLAR_BLOG_PAGE,TRUE,
cybersecurity manager,SOC_AND_INTERVIEW,INFORMATIONAL,TOFU,MEDIUM,MEDIUM,PILLAR_BLOG_PAGE,TRUE,
cybersecurity officer,SOC_AND_INTERVIEW,INFORMATIONAL,TOFU,MEDIUM,MEDIUM,PILLAR_BLOG_PAGE,TRUE,
cybersecurity degree,CYBERSECURITY_CAREER,INFORMATIONAL,TOFU,MEDIUM,MEDIUM,PILLAR_BLOG_PAGE,TRUE,
cybersecurity fields,CYBERSECURITY_CAREER,INFORMATIONAL,TOFU,MEDIUM,MEDIUM,PILLAR_BLOG_PAGE,TRUE,
cybersecurity hiring,SOC_AND_INTERVIEW,INFORMATIONAL,TOFU,MEDIUM,MEDIUM,PILLAR_BLOG_PAGE,TRUE,
cybersecurity salary,CYBERSECURITY_CAREER,INFORMATIONAL,TOFU,MEDIUM,MEDIUM,PILLAR_BLOG_PAGE,TRUE,
cybersecurity school,CYBERSECURITY_CAREER,INFORMATIONAL,TOFU,MEDIUM,MEDIUM,PILLAR_BLOG_PAGE,TRUE,
cybersecurity skills,CYBERSECURITY_CAREER,INFORMATIONAL,TOFU,MEDIUM,MEDIUM,PILLAR_BLOG_PAGE,TRUE,
virtual simulations,CYBER_LAB_SETUP,INFORMATIONAL,TOFU,HIGH,MEDIUM,PILLAR_BLOG_PAGE,TRUE,
cybersecurity price,CTF_PLATFORMS,COMMERCIAL,BOFU,HIGH,HIGH,CORE_PRODUCT_PAGE,TRUE,
cybersecurity major,CYBERSECURITY_CAREER,INFORMATIONAL,TOFU,MEDIUM,MEDIUM,PILLAR_BLOG_PAGE,TRUE,
cybersecurity roles,CYBERSECURITY_CAREER,INFORMATIONAL,TOFU,MEDIUM,MEDIUM,PILLAR_BLOG_PAGE,TRUE,
cybersecurity jobs,CYBERSECURITY_CAREER,INFORMATIONAL,TOFU,MEDIUM,MEDIUM,PILLAR_BLOG_PAGE,TRUE,
cybersecurity demo,CTF_PLATFORMS,COMMERCIAL,MOFU,HIGH,HIGH,CORE_PRODUCT_PAGE,TRUE,
cybersecurity saas,CTF_PLATFORMS,COMMERCIAL,MOFU,HIGH,HIGH,CORE_PRODUCT_PAGE,TRUE,
cybersecurity labs,CYBER_LAB_SETUP,INFORMATIONAL,TOFU,MEDIUM,MEDIUM,PILLAR_BLOG_PAGE,TRUE,
cybersecurity work,CYBERSECURITY_CAREER,INFORMATIONAL,TOFU,MEDIUM,MEDIUM,PILLAR_BLOG_PAGE,TRUE,
cybersecurity pay,CYBERSECURITY_CAREER,INFORMATIONAL,TOFU,MEDIUM,MEDIUM,PILLAR_BLOG_PAGE,TRUE,
app.cyber ranges,CTF_PLATFORMS,COMMERCIAL,MOFU,HIGH,HIGH,CORE_PRODUCT_PAGE,TRUE,
lab simulations,CYBER_LAB_SETUP,INFORMATIONAL,TOFU,HIGH,MEDIUM,PILLAR_BLOG_PAGE,TRUE,
cyber drills,CYBER_LAB_LEARNING,INFORMATIONAL,TOFU,MEDIUM,MEDIUM,PILLAR_BLOG_PAGE,TRUE,
cyber ranges,CYBER_LAB_SETUP,INFORMATIONAL,TOFU,HIGH,MEDIUM,PILLAR_BLOG_PAGE,TRUE,
virtual labs,CYBER_LAB_SETUP,INFORMATIONAL,TOFU,HIGH,MEDIUM,PILLAR_BLOG_PAGE,TRUE,
ctf hosting,CTF_HOSTING,TRANSACTIONAL,BOFU,HIGH,HIGH,USE_CASE_PAGE,TRUE,
ctf fee,CTF_PLATFORMS,COMMERCIAL,MOFU,HIGH,HIGH,CORE_PRODUCT_PAGE,TRUE,
cybersecurity,CYBERSECURITY_CAREER,INFORMATIONAL,TOFU,MEDIUM,MEDIUM,PILLAR_BLOG_PAGE,TRUE,