Address,Content Type,Status Code,Status,Indexability,Indexability Status,Inlinks,Response Time,Redirect URL,Redirect Type
https://www.simulationslabs.com/,text/html,200,OK,Indexable,,42,0.771,,
https://www.simulationslabs.com/images/trusted-organizations/5.png,image/png,200,OK,Indexable,,0,0.336,,
https://www.simulationslabs.com/images/authors/1.png,image/png,200,OK,Indexable,,0,0.408,,
https://www.simulationslabs.com/images/hero/homepage-hero.png,image/png,200,OK,Indexable,,0,0.441,,
https://www.simulationslabs.com/images/authors/6.png,image/png,200,OK,Indexable,,0,0.455,,
https://www.simulationslabs.com/about,text/html,200,OK,Indexable,,27,0.41,,
https://www.simulationslabs.com/images/trusted-organizations/1.png,image/png,200,OK,Indexable,,0,0.211,,
"https://fonts.googleapis.com/css2?family=Inter:ital,opsz,wght@0,14..32,100..900;1,14..32,100..900&display=swap",text/css; charset=utf-8,200,OK,Indexable,,0,0.086,,
https://www.simulationslabs.com/logoWhite.svg,image/svg+xml,200,OK,Indexable,,0,0.335,,
https://www.simulationslabs.com/images/authors/3-company.png,image/png,200,OK,Indexable,,0,0.319,,
https://www.simulationslabs.com/case-studies,text/html,200,OK,Indexable,,29,0.729,,
https://www.simulationslabs.com/product-demo,text/html,200,OK,Indexable,,27,0.668,,
https://www.simulationslabs.com/images/authors/2-company.png,image/png,200,OK,Indexable,,0,0.153,,
https://www.simulationslabs.com/images/authors/3.png,image/png,200,OK,Indexable,,0,0.116,,
https://www.simulationslabs.com/host-ctf,text/html,200,OK,Indexable,,42,0.557,,
https://www.linkedin.com/company/simulation-labs-linkedin/,text/html; charset=utf-8,200,OK,Indexable,,26,0.583,,
https://www.simulationslabs.com/images/trusted-organizations/2.png,image/png,200,OK,Indexable,,0,0.541,,
https://www.simulationslabs.com/images/authors/1-company.png,image/png,200,OK,Indexable,,0,0.153,,
https://www.simulationslabs.com/blogs,text/html,200,OK,Indexable,,35,0.41,,
https://www.simulationslabs.com/images/ctf.png,image/png,200,OK,Indexable,,0,0.426,,
https://www.simulationslabs.com/terms-of-use,text/html,200,OK,Indexable,,26,0.547,,
https://www.simulationslabs.com/pricing,text/html,200,OK,Indexable,,56,0.556,,
https://www.simulationslabs.com/logo.svg,image/svg+xml,200,OK,Indexable,,0,0.163,,
https://www.simulationslabs.com/images/authors/4.png,image/png,200,OK,Indexable,,0,0.132,,
https://www.simulationslabs.com/images/footer-hero-img.png,image/png,200,OK,Indexable,,0,0.416,,
https://www.googletagmanager.com/ns.html?id=GTM-PJ9QCKNQ,text/html; charset=UTF-8,200,OK,Indexable,,0,0.188,,
https://www.facebook.com/profile.php?id=61576677426002&mibextid=wwXIfr&mibextid=wwXIfr,"text/html; charset=""utf-8""",302,Found,Non-Indexable,Redirected,26,0.581,https://www.facebook.com/Simulations.Labs/,HTTP Redirect
https://www.simulationslabs.com/images/trusted-organizations/3.png,image/png,200,OK,Indexable,,0,0.298,,
https://www.simulationslabs.com/assets/root-DmKT8qJs.css,text/css; charset=utf-8,200,OK,Indexable,,0,0.437,,
https://www.simulationslabs.com/employer-branding,text/html,200,OK,Indexable,,30,0.685,,
https://www.simulationslabs.com/applicants-assessment,text/html,200,OK,Indexable,,44,0.654,,
https://www.simulationslabs.com/images/authors/5.png,image/png,200,OK,Indexable,,0,0.149,,
https://www.simulationslabs.com/images/authors/4-company.png,image/png,200,OK,Indexable,,0,0.145,,
https://www.simulationslabs.com/images/trusted-organizations/4.png,image/png,200,OK,Indexable,,0,0.461,,
https://app.simulationslabs.com/register/tenant,text/html; charset=UTF-8,200,OK,Indexable,,15,1.197,,
https://www.simulationslabs.com/images/authors/2.png,image/png,200,OK,Indexable,,0,0.441,,
https://www.simulationslabs.com/images/authors/5-company.png,image/png,200,OK,Indexable,,0,0.319,,
https://simulationslabs.freshdesk.com/support/home,text/html; charset=utf-8,200,OK,Indexable,,26,0.962,,
https://www.simulationslabs.com/images/authors/6-company.png,image/png,200,OK,Indexable,,0,0.328,,
https://www.simulationslabs.com/privacy-policy,text/html,200,OK,Indexable,,29,0.65,,
https://www.simulationslabs.com/signin,text/html,200,OK,Indexable,,28,0.646,,
https://www.simulationslabs.com/images/employer-branding/2.png,image/png,200,OK,Indexable,,0,0.355,,
https://www.simulationslabs.com/deployment,text/html,200,OK,Indexable,,28,0.67,,
https://www.simulationslabs.com/guides,text/html,200,OK,Indexable,,30,0.662,,
https://www.simulationslabs.com/images/guides/onboarding-checklist.png,image/png,200,OK,Indexable,,0,0.527,,
https://app.simulationslabs.com/images/tenant-signin-partners/7.png,image/png,200,OK,Indexable,,0,1.001,,
https://app.simulationslabs.com/js/vendor.js?id=3523969dea8606e3860ebfabf2a582f2,application/javascript; charset=utf-8,200,OK,Indexable,,0,1.143,,
https://www.simulationslabs.com/blogs/How_to_run_technical_skill_assessments_for_cyber_hires-SimulationsLabs,text/html,200,OK,Indexable,,22,0.41,,
https://www.simulationslabs.com/case-studies/strengthening-employer-brand-to-attract-cybersecurity-talent,text/html,200,OK,Indexable,,7,0.388,,
https://www.simulationslabs.com/images/hostctf/3.png,image/png,200,OK,Indexable,,0,0.453,,
https://app.simulationslabs.com/js/manifest.js?id=da57a6c31cdfeffcaa9c215dddbd5afb,application/javascript; charset=utf-8,200,OK,Indexable,,0,1.047,,
https://www.simulationslabs.com/images/deployment/2.png,image/png,200,OK,Indexable,,0,0.559,,
https://app.simulationslabs.com/images/tenant-signin-partners/8.png,image/png,200,OK,Indexable,,0,1.068,,
https://www.simulationslabs.com/images/employer-branding/3.png,image/png,200,OK,Indexable,,0,0.809,,
https://app.simulationslabs.com/tenants/forget-domains,text/html; charset=UTF-8,200,OK,Indexable,,1,1.073,,
https://www.simulationslabs.com/blogs/Top_Simulations_Labs_Features_in_2025,text/html,200,OK,Indexable,,9,0.366,,
https://www.simulationslabs.com/images/deployment/1.png,image/png,200,OK,Indexable,,0,0.522,,
https://app.simulationslabs.com/js/app.js?id=361464028e9322644b4b9f19c607b5be,application/javascript; charset=utf-8,200,OK,Indexable,,0,1.263,,
https://www.simulationslabs.com/images/hostctf/4.png,image/png,200,OK,Indexable,,0,0.326,,
https://www.simulationslabs.com/images/case-studies/employer-brand.png,image/png,200,OK,Indexable,,0,0.92,,
https://www.simulationslabs.com/images/guides/simulation-design.png,image/png,200,OK,Indexable,,0,1.062,,
https://www.simulationslabs.com/images/blog/simulationslabs_awsmarketplace.png,image/png,200,OK,Indexable,,0,0.581,,
https://app.simulationslabs.com/css/app.css?id=7b00a3a75b6ae8a08e3323fac63e159e,text/css,200,OK,Indexable,,0,0.95,,
https://www.simulationslabs.com/images/guides/manager_ctf_guide.png,image/png,200,OK,Indexable,,0,0.411,,
https://www.simulationslabs.com/images/hostctf/1.png,image/png,200,OK,Indexable,,0,0.937,,
https://www.simulationslabs.com/guides/onboarding-checklist,text/html,200,OK,Indexable,,5,0.718,,
https://www.simulationslabs.com/images/hostctf/2.png,image/png,200,OK,Indexable,,0,0.889,,
https://www.simulationslabs.com/blogs/How_Gamification_Improves_Cybersecurity_Learning_Outcomes-SimulationsLabs,text/html,200,OK,Indexable,,18,0.65,,
https://www.simulationslabs.com/images/blog/top_skills_by_role.png,image/png,200,OK,Indexable,,0,0.148,,
https://www.simulationslabs.com/images/about/about.png,image/png,200,OK,Indexable,,0,0.489,,
https://app.simulationslabs.com/images/tenant-signin-partners/1.png,image/png,200,OK,Indexable,,0,1.141,,
https://www.simulationslabs.com/images/blog/technical_assessment.png,image/png,200,OK,Indexable,,0,0.519,,
https://www.simulationslabs.com/images/blog/HGICLO.png,image/png,200,OK,Indexable,,0,0.316,,
https://www.simulationslabs.com/blogs/Top_Skills_to_Look_for_When_Hiring_Cybersecurity_Professionals_By_Role,text/html,200,OK,Indexable,,9,0.718,,
https://www.simulationslabs.com/images/blog/top_simulations_labs_features_in_2025.png,image/png,200,OK,Indexable,,0,0.15,,
https://app.simulationslabs.com/images/tenant-signin-partners/2.png,image/png,200,OK,Indexable,,0,1.13,,
https://www.simulationslabs.com/images/applicants-assessment/2.png,image/png,200,OK,Indexable,,0,0.323,,
https://www.simulationslabs.com/blogs/Why_Conduct_Cyberattack_Cyber_Drill_Simulations_for_Your_Organization-SimulationsLabs,text/html,200,OK,Indexable,,13,0.701,,
https://app.storylane.io/demo/q8q1zrtutnv9?embed=inline,text/html; charset=utf-8,200,OK,Indexable,,0,0.256,,
https://www.simulationslabs.com/guides/how-to-design-an-effective-cybersecurity-simulation,text/html,200,OK,Indexable,,6,0.514,,
https://cdn.forms-content-1.sg-form.com/44be31a2-4b49-11f0-b12a-9affdbff8372,text/html,200,OK,Indexable,,0,0.206,,
https://www.simulationslabs.com/blogs/Simulations_LabsـAWS_Marketplace,text/html,200,OK,Indexable,,6,0.312,,
https://js.storylane.io/js/v2/storylane.js,application/javascript,200,OK,Indexable,,0,0.144,,
https://www.simulationslabs.com/guides/ctf-planning-execution-guide,text/html,200,OK,Indexable,,7,0.376,,
https://www.simulationslabs.com/images/applicants-assessment/1.png,image/png,200,OK,Indexable,,0,0.148,,
https://app.simulationslabs.com/images/tenant-signin-partners/3.png,image/png,200,OK,Indexable,,0,1.101,,
https://www.simulationslabs.com/blogs/manager_ctf_guide,text/html,200,OK,Indexable,,16,0.333,,
https://www.simulationslabs.com/images/applicants-assessment/4.png,image/png,200,OK,Indexable,,0,0.096,,
https://www.simulationslabs.com/case-studies/How_Yekolo_Temari_Simplified_CTF_Hosting_with_Simulations_Labs,text/html,200,OK,Indexable,,9,0.532,,
https://www.simulationslabs.com/images/blog/simulations_labs_ctf_hosting_platform.png,image/png,200,OK,Indexable,,0,0.442,,
https://www.simulationslabs.com/images/deployment/3.png,image/png,200,OK,Indexable,,0,0.441,,
https://app.simulationslabs.com/css/vendor.css?id=cbd966935f4b471bdf9459797fa4f5ee,text/css,200,OK,Indexable,,0,0.73,,
https://app.simulationslabs.com/css/theme-adminarea.css?id=688fcb6b2f928975d0521adc2dc1456e,text/css,200,OK,Indexable,,0,1.114,,
https://www.simulationslabs.com/images/blog/conduct_cyber_drill_for_organization.png,image/png,200,OK,Indexable,,0,0.402,,
https://www.simulationslabs.com/images/applicants-assessment/3.png,image/png,200,OK,Indexable,,0,0.457,,
https://app.simulationslabs.com/images/tenant-signin-partners/4.png,image/png,200,OK,Indexable,,0,1.201,,
https://app.simulationslabs.com/images/svg/checked.svg,image/svg+xml,200,OK,Indexable,,0,0.917,,
https://www.simulationslabs.com/blogs/What_Makes_Simulations_Labs_Different_from_Other_CTF_Hosting_Platforms,text/html,200,OK,Indexable,,12,0.545,,
https://www.google.com/recaptcha/api.js?,text/javascript; charset=utf-8,200,OK,Indexable,,0,0.062,,
https://www.simulationslabs.com/images/employer-branding/1.png,image/png,200,OK,Indexable,,0,0.772,,
https://app.simulationslabs.com/images/tenant-signin-partners/5.png,image/png,200,OK,Indexable,,0,0.807,,
https://www.simulationslabs.com/images/deployment/4.png,image/png,200,OK,Indexable,,0,0.644,,
https://www.simulationslabs.com/images/case-studies/yekolotemari_simulationslabs.png,image/png,200,OK,Indexable,,0,1.346,,
https://www.simulationslabs.com/images/guides/ctf-planning.png,image/png,200,OK,Indexable,,0,1.097,,
https://www.linkedin.com/shareArticle?mini=true&title=How%20to%20run%20technical%20skill%20assessments%20for%20cyber%20hires&url=,,302,Found,Non-Indexable,Redirected,1,0.245,https://www.linkedin.com/uas/login?session_redirect=https%3A%2F%2Fwww.linkedin.com%2FshareArticle%3Fmini%3Dtrue%26title%3DHow%20to%20run%20technical%20skill%20assessments%20for%20cyber%20hires%26url%3D,HTTP Redirect
https://app.simulationslabs.com/images/logos/simulationsLabs/logo-big-black.png,image/png,200,OK,Indexable,,0,0.849,,
https://www.linkedin.com/shareArticle?mini=true&title=Simulations%20Labs%20Platform%20Launches%20in%20AWS%20Marketplace&url=,,302,Found,Non-Indexable,Redirected,1,0.286,https://www.linkedin.com/uas/login?session_redirect=https%3A%2F%2Fwww.linkedin.com%2FshareArticle%3Fmini%3Dtrue%26title%3DSimulations%20Labs%20Platform%20Launches%20in%20AWS%20Marketplace%26url%3D,HTTP Redirect
https://www.linkedin.com/shareArticle?mini=true&title=How%20%20የቆሎ%20ተማሪ%20|%20Yekolo%20Temari%20Simplified%20CTF%20Hosting%20with%20Simulations%20Labs&url=,,302,Found,Non-Indexable,Redirected,1,0.182,https://www.linkedin.com/uas/login?session_redirect=https%3A%2F%2Fwww.linkedin.com%2FshareArticle%3Fmini%3Dtrue%26title%3DHow%20%20%E1%8B%A8%E1%89%86%E1%88%8E%20%E1%89%B0%E1%88%9B%E1%88%AA%20%7C%20Yekolo%20Temari%20Simplified%20CTF%20Hosting%20with%20Simulations%20Labs%26url%3D,HTTP Redirect
https://www.linkedin.com/shareArticle?mini=true&title=What%20Makes%20Simulations%20Labs%20Different%20from%20Other%20CTF%20Hosting%20Platforms%3F&url=,,302,Found,Non-Indexable,Redirected,1,0.148,https://www.linkedin.com/uas/login?session_redirect=https%3A%2F%2Fwww.linkedin.com%2FshareArticle%3Fmini%3Dtrue%26title%3DWhat%20Makes%20Simulations%20Labs%20Different%20from%20Other%20CTF%20Hosting%20Platforms%3F%26url%3D,HTTP Redirect
https://www.linkedin.com/shareArticle?mini=true&title=How%20Gamification%20Improves%20Cybersecurity%20Learning%20Outcomes&url=,,302,Found,Non-Indexable,Redirected,1,0.225,https://www.linkedin.com/uas/login?session_redirect=https%3A%2F%2Fwww.linkedin.com%2FshareArticle%3Fmini%3Dtrue%26title%3DHow%20Gamification%20Improves%20Cybersecurity%20Learning%20Outcomes%26url%3D,HTTP Redirect
https://app.simulationslabs.com/images/tenant-signin-partners/6.png,image/png,200,OK,Indexable,,0,0.835,,
https://www.linkedin.com/shareArticle?mini=true&title=Why%20Conduct%20Cyberattack%2FCyber%20Drill%20Simulations%20for%20Your%20Organization%3F&url=,,302,Found,Non-Indexable,Redirected,1,0.209,https://www.linkedin.com/uas/login?session_redirect=https%3A%2F%2Fwww.linkedin.com%2FshareArticle%3Fmini%3Dtrue%26title%3DWhy%20Conduct%20Cyberattack%2FCyber%20Drill%20Simulations%20for%20Your%20Organization%3F%26url%3D,HTTP Redirect
https://www.simulationslabs.com/assets/github-dark-BEHUn5zE.css,text/css; charset=utf-8,200,OK,Indexable,,0,0.285,,
https://twitter.com/intent/tweet?text=What%20Makes%20Simulations%20Labs%20Different%20from%20Other%20CTF%20Hosting%20Platforms%3F&url=,text/html; charset=utf-8,301,Moved Permanently,Non-Indexable,Redirected,1,0.173,https://x.com/intent/tweet?text=What%20Makes%20Simulations%20Labs%20Different%20from%20Other%20CTF%20Hosting%20Platforms%3F&url=,HTTP Redirect
https://www.linkedin.com/shareArticle?mini=true&title=Strengthening%20Employer%20Brand%20to%20Attract%20Cybersecurity%20Talent&url=,,302,Found,Non-Indexable,Redirected,1,0.279,https://www.linkedin.com/uas/login?session_redirect=https%3A%2F%2Fwww.linkedin.com%2FshareArticle%3Fmini%3Dtrue%26title%3DStrengthening%20Employer%20Brand%20to%20Attract%20Cybersecurity%20Talent%26url%3D,HTTP Redirect
https://www.linkedin.com/shareArticle?mini=true&title=Top%20Skills%20to%20Look%20for%20When%20Hiring%20Cybersecurity%20Professionals%20-%20By%20Role&url=,,302,Found,Non-Indexable,Redirected,1,0.214,https://www.linkedin.com/uas/login?session_redirect=https%3A%2F%2Fwww.linkedin.com%2FshareArticle%3Fmini%3Dtrue%26title%3DTop%20Skills%20to%20Look%20for%20When%20Hiring%20Cybersecurity%20Professionals%20-%20By%20Role%26url%3D,HTTP Redirect
https://twitter.com/intent/tweet?text=The%20Manager’s%20Guide%20to%20Launching%20a%20Team%20CTF%20-%20Simulations%20Labs%20Modern%20Solution!&url=,text/html; charset=utf-8,301,Moved Permanently,Non-Indexable,Redirected,1,0.386,https://x.com/intent/tweet?text=The%20Manager’s%20Guide%20to%20Launching%20a%20Team%20CTF%20-%20Simulations%20Labs%20Modern%20Solution!&url=,HTTP Redirect
https://twitter.com/intent/tweet?text=How%20%20የቆሎ%20ተማሪ%20|%20Yekolo%20Temari%20Simplified%20CTF%20Hosting%20with%20Simulations%20Labs&url=,text/html; charset=utf-8,301,Moved Permanently,Non-Indexable,Redirected,1,0.501,https://x.com/intent/tweet?text=How%20%20የቆሎ%20ተማሪ%20|%20Yekolo%20Temari%20Simplified%20CTF%20Hosting%20with%20Simulations%20Labs&url=,HTTP Redirect
https://twitter.com/intent/tweet?text=How%20Gamification%20Improves%20Cybersecurity%20Learning%20Outcomes&url=,text/html; charset=utf-8,301,Moved Permanently,Non-Indexable,Redirected,1,0.946,https://x.com/intent/tweet?text=How%20Gamification%20Improves%20Cybersecurity%20Learning%20Outcomes&url=,HTTP Redirect
https://twitter.com/intent/tweet?text=How%20to%20Design%20an%20Effective%20Cybersecurity%20Simulation&url=,text/html; charset=utf-8,301,Moved Permanently,Non-Indexable,Redirected,1,0.902,https://x.com/intent/tweet?text=How%20to%20Design%20an%20Effective%20Cybersecurity%20Simulation&url=,HTTP Redirect
https://simulationslabs.freshdesk.com/support/solutions/articles/501000209848-how-to-deploy-a-docker-container-challenges,text/html; charset=utf-8,200,OK,Indexable,,4,1.077,,
https://twitter.com/intent/tweet?text=Capture%20the%20Flag%20(CTF)%20Planning%20%26%20Execution%20Guide&url=,text/html; charset=utf-8,301,Moved Permanently,Non-Indexable,Redirected,1,0.45,https://x.com/intent/tweet?text=Capture%20the%20Flag%20(CTF)%20Planning%20%26%20Execution%20Guide&url=,HTTP Redirect
https://twitter.com/intent/tweet?text=Top%20Simulations%20Labs%20Features%20in%202025&url=,text/html; charset=utf-8,301,Moved Permanently,Non-Indexable,Redirected,1,0.414,https://x.com/intent/tweet?text=Top%20Simulations%20Labs%20Features%20in%202025&url=,HTTP Redirect
https://twitter.com/intent/tweet?text=How%20to%20run%20technical%20skill%20assessments%20for%20cyber%20hires&url=,text/html; charset=utf-8,301,Moved Permanently,Non-Indexable,Redirected,1,0.308,https://x.com/intent/tweet?text=How%20to%20run%20technical%20skill%20assessments%20for%20cyber%20hires&url=,HTTP Redirect
https://aws.amazon.com/marketplace/pp/prodview-3uhgtmi7d4s56,text/html;charset=UTF-8,200,,Indexable,,1,0.778,,
https://www.linkedin.com/shareArticle?mini=true&title=Capture%20the%20Flag%20(CTF)%20Planning%20%26%20Execution%20Guide&url=,,302,Found,Non-Indexable,Redirected,1,0.163,https://www.linkedin.com/uas/login?session_redirect=https%3A%2F%2Fwww.linkedin.com%2FshareArticle%3Fmini%3Dtrue%26title%3DCapture%20the%20Flag%20%28CTF%29%20Planning%20%26%20Execution%20Guide%26url%3D,HTTP Redirect
https://www.linkedin.com/shareArticle?mini=true&title=Onboarding%20Checklist&url=,,302,Found,Non-Indexable,Redirected,1,0.218,https://www.linkedin.com/uas/login?session_redirect=https%3A%2F%2Fwww.linkedin.com%2FshareArticle%3Fmini%3Dtrue%26title%3DOnboarding%20Checklist%26url%3D,HTTP Redirect
https://policies.google.com/terms,text/html; charset=utf-8,200,OK,Indexable,,3,0.339,,
https://www.linkedin.com/shareArticle?mini=true&title=The%20Manager’s%20Guide%20to%20Launching%20a%20Team%20CTF%20-%20Simulations%20Labs%20Modern%20Solution!&url=,,302,Found,Non-Indexable,Redirected,1,0.22,https://www.linkedin.com/uas/login?session_redirect=https%3A%2F%2Fwww.linkedin.com%2FshareArticle%3Fmini%3Dtrue%26title%3DThe%20Manager%E2%80%99s%20Guide%20to%20Launching%20a%20Team%20CTF%20-%20Simulations%20Labs%20Modern%20Solution%21%26url%3D,HTTP Redirect
https://www.linkedin.com/shareArticle?mini=true&title=How%20to%20Design%20an%20Effective%20Cybersecurity%20Simulation&url=,,302,Found,Non-Indexable,Redirected,1,0.228,https://www.linkedin.com/uas/login?session_redirect=https%3A%2F%2Fwww.linkedin.com%2FshareArticle%3Fmini%3Dtrue%26title%3DHow%20to%20Design%20an%20Effective%20Cybersecurity%20Simulation%26url%3D,HTTP Redirect
https://twitter.com/intent/tweet?text=Top%20Skills%20to%20Look%20for%20When%20Hiring%20Cybersecurity%20Professionals%20-%20By%20Role&url=,text/html; charset=utf-8,301,Moved Permanently,Non-Indexable,Redirected,1,0.584,https://x.com/intent/tweet?text=Top%20Skills%20to%20Look%20for%20When%20Hiring%20Cybersecurity%20Professionals%20-%20By%20Role&url=,HTTP Redirect
https://twitter.com/intent/tweet?text=Simulations%20Labs%20Platform%20Launches%20in%20AWS%20Marketplace&url=,text/html; charset=utf-8,301,Moved Permanently,Non-Indexable,Redirected,1,0.49,https://x.com/intent/tweet?text=Simulations%20Labs%20Platform%20Launches%20in%20AWS%20Marketplace&url=,HTTP Redirect
https://policies.google.com/privacy,text/html; charset=utf-8,200,OK,Indexable,,3,0.088,,
https://www.linkedin.com/shareArticle?mini=true&title=Top%20Simulations%20Labs%20Features%20in%202025&url=,,302,Found,Non-Indexable,Redirected,1,0.159,https://www.linkedin.com/uas/login?session_redirect=https%3A%2F%2Fwww.linkedin.com%2FshareArticle%3Fmini%3Dtrue%26title%3DTop%20Simulations%20Labs%20Features%20in%202025%26url%3D,HTTP Redirect
https://twitter.com/intent/tweet?text=Why%20Conduct%20Cyberattack%2FCyber%20Drill%20Simulations%20for%20Your%20Organization%3F&url=,text/html; charset=utf-8,301,Moved Permanently,Non-Indexable,Redirected,1,0.409,https://x.com/intent/tweet?text=Why%20Conduct%20Cyberattack%2FCyber%20Drill%20Simulations%20for%20Your%20Organization%3F&url=,HTTP Redirect
https://twitter.com/intent/tweet?text=Onboarding%20Checklist&url=,text/html; charset=utf-8,301,Moved Permanently,Non-Indexable,Redirected,1,0.41,https://x.com/intent/tweet?text=Onboarding%20Checklist&url=,HTTP Redirect
https://twitter.com/intent/tweet?text=Strengthening%20Employer%20Brand%20to%20Attract%20Cybersecurity%20Talent&url=,text/html; charset=utf-8,301,Moved Permanently,Non-Indexable,Redirected,1,0.71,https://x.com/intent/tweet?text=Strengthening%20Employer%20Brand%20to%20Attract%20Cybersecurity%20Talent&url=,HTTP Redirect
https://static.cloudflareinsights.com/beacon.min.js/vcd15cbe7772f49c399c6a5babf22c1241717689176015,text/javascript;charset=UTF-8,200,OK,Indexable,,0,0.174,,